1,Clarence Taylor,5192314572,ctaylor0@hubpages.com
2,Cheryl Ray,5190614873,cray1@shareasale.com
3,Julia Webb,5190867692,jwebb2@elegantthemes.com
4,Phyllis Thompson,5193470041,pthompson3@oakley.com
5,Frank Reid,5196089311,freid4@gravatar.com
6,Raymond Morris,5197813173,rmorris5@oakley.com
7,Tammy Kelly,5197427243,tkelly6@vkontakte.ru
8,Julia Welch,5192557869,jwelch7@amazon.co.jp
9,Daniel Diaz,5197516955,ddiaz8@qq.com
10,Christina Cooper,5195388843,ccooper9@printfriendly.com
11,Doris Garcia,5199630147,dgarciaa@networksolutions.com
12,Joshua Reed,5193596174,jreedb@digg.com
13,Pamela Snyder,5194767723,psnyderc@imageshack.us
14,Ernest Ruiz,5190205092,eruizd@nps.gov
15,Johnny Rogers,5195835099,jrogerse@eepurl.com
