cwood1@hhs.gov,2
epalmer2@simplemachines.org,3
ajackson3@house.gov,4
arussell4@amazon.de,5
aromero5@uiuc.edu,6
jwebb6@usda.gov,7
kwelch7@google.com.au,8
tcook8@google.com.au,9
djacobs9@hud.gov,10
jkinga@t.co,11
rcoleb@ihg.com,12
mgonzalesc@yellowbook.com,13
iriverad@dyndns.org,14
sharrise@themeforest.net,15
lallenf@scribd.com,16
fwarreng@zdnet.com,17
lrichardsonh@wix.com,18
jgardneri@un.org,19
dortizj@umich.edu,20
bmoralesk@reference.com,21
cjamesl@about.com,22
bjamesm@google.es,23
tharveyn@foxnews.com,24
rpalmero@dell.com,25
ebennettp@twitpic.com,26
crussellq@howstuffworks.com,27
cnicholsr@dell.com,28
rgarretts@example.com,29
mramost@typepad.com,30
dgreeneu@wordpress.org,31
erichardsv@yellowbook.com,32
lrichardsw@mapy.cz,33
jhansenx@apache.org,34
bmoralesy@salon.com,35
lhudsonz@state.gov,36
ahart10@jigsy.com,37
csanchez11@yellowbook.com,38
dfuller12@desdev.cn,39
smartinez13@ifeng.com,40
rnelson14@sun.com,41
smccoy15@wiley.com,42
dstevens16@mtv.com,43
hallen17@furl.net,44
brobertson18@jiathis.com,45
bmitchell19@tiny.cc,46
dtucker1a@go.com,47
rdean1b@state.tx.us,48
rwillis1c@studiopress.com,49
jdavis1d@spiegel.de,50
dday1e@jigsy.com,51
hryan1f@google.com.br,52
aalexander1g@theatlantic.com,53
lwalker1h@myspace.com,54
ehawkins1i@usa.gov,55
arivera1j@state.tx.us,56
jperez1k@theatlantic.com,57
asimpson1l@1688.com,58
dwood1m@washington.edu,59
rcrawford1n@dell.com,60
mowens1o@businesswire.com,61
dhudson1p@gravatar.com,62
dwagner1q@cnn.com,63
ksims1r@economist.com,64
wgrant1s@free.fr,65
rstone1t@zimbio.com,66
sjones1u@godaddy.com,67
dbailey1v@opensource.org,68
fowens1w@arstechnica.com,69
wwebb1x@weebly.com,70
dbradley1y@amazon.co.uk,71
tjones1z@soundcloud.com,72
tblack20@360.cn,73
dortiz21@europa.eu,74
phanson22@google.com,75
dramos23@surveymonkey.com,76
ssanders24@miibeian.gov.cn,77
srose25@topsy.com,78
kwest26@t.co,79
jolson27@answers.com,80
jjacobs28@cdbaby.com,81
mwells29@is.gd,82
jreed2a@apache.org,83
pburton2b@craigslist.org,84
delliott2c@whitehouse.gov,85
smorris2d@bigcartel.com,86
amorgan2e@mozilla.com,87
rblack2f@bloglovin.com,88
jgeorge2g@oakley.com,89
ahicks2h@google.de,90
nblack2i@sina.com.cn,91
relliott2j@arstechnica.com,92
shenry2k@nytimes.com,93
mkelly2l@paginegialle.it,94
lalvarez2m@artisteer.com,95
jmorgan2n@amazon.co.jp,96
cbrown2o@berkeley.edu,97
ccrawford2p@sciencedirect.com,98
scollins2q@addtoany.com,99
lolson2r@goodreads.com,100
lparker2s@cnn.com,101
jlynch2t@freewebs.com,102
bbishop2u@yandex.ru,103
wward2v@multiply.com,104
cbennett2w@chron.com,105
mrogers2x@about.me,106
jcoleman2y@chronoengine.com,107
lhunter2z@disqus.com,108
jpeterson30@skyrock.com,109
spalmer31@aboutads.info,110
dortiz32@harvard.edu,111
jgray33@walmart.com,112
sdunn34@prnewswire.com,113
rshaw35@go.com,114
dmurray36@cisco.com,115
wschmidt37@cafepress.com,116
cmontgomery38@artisteer.com,117
jbennett39@privacy.gov.au,118
rwashington3a@cafepress.com,119
jmurray3b@acquirethisname.com,120
pdiaz3c@moonfruit.com,121
wwelch3d@dion.ne.jp,122
bmorrison3e@wikimedia.org,123
scarpenter3f@printfriendly.com,124
tperez3g@istockphoto.com,125
hjacobs3h@state.gov,126
jwalker3i@uol.com.br,127
dmitchell3j@chicagotribune.com,128
ksanchez3k@forbes.com,129
rphillips3l@slideshare.net,130
mharris3m@storify.com,131
hlewis3n@home.pl,132
mlopez3o@hud.gov,133
jgreene3p@mozilla.com,134
clee3q@upenn.edu,135
jfreeman3r@arstechnica.com,136
dcampbell3s@wikimedia.org,137
dlong3t@berkeley.edu,138
emorales3u@squidoo.com,139
kmills3v@psu.edu,140
ahunter3w@prnewswire.com,141
gcole3x@sitemeter.com,142
dsims3y@netscape.com,143
dmedina3z@nsw.gov.au,144
sstevens40@freewebs.com,145
jyoung41@smh.com.au,146
jrobertson42@exblog.jp,147
wblack43@ustream.tv,148
sbennett44@histats.com,149
lwoods45@loc.gov,150
rprice46@chicagotribune.com,151
jcarter47@51.la,152
mandrews48@redcross.org,153
lwood49@ameblo.jp,154
rjordan4a@shutterfly.com,155
jbrown4b@webnode.com,156
lryan4c@symantec.com,157
rnelson4d@macromedia.com,158
jmorales4e@si.edu,159
akelley4f@jalbum.net,160
rprice4g@amazon.de,161
wperez4h@purevolume.com,162
sstephens4i@microsoft.com,163
pnichols4j@google.it,164
cporter4k@vkontakte.ru,165
krivera4l@nydailynews.com,166
mrice4m@odnoklassniki.ru,167
aalvarez4n@theglobeandmail.com,168
eschmidt4o@google.ca,169
dfields4p@zimbio.com,170
sallen4q@purevolume.com,171
hscott4r@list-manage.com,172
eperez4s@nhs.uk,173
tlane4t@usda.gov,174
rsimmons4u@ehow.com,175
jharvey4v@clickbank.net,176
cfoster4w@cargocollective.com,177
dgraham4x@usnews.com,178
kaustin4y@dell.com,179
sreed4z@foxnews.com,180
wgreen50@fda.gov,181
cburke51@netvibes.com,182
ccrawford52@discuz.net,183
lgibson53@cornell.edu,184
eboyd54@plala.or.jp,185
jbowman55@usnews.com,186
tknight56@networkadvertising.org,187
tsims57@bing.com,188
jkelly58@timesonline.co.uk,189
dwilliams59@domainmarket.com,190
icarr5a@spotify.com,191
dgraham5b@drupal.org,192
crichardson5c@merriam-webster.com,193
hwilliamson5d@istockphoto.com,194
pshaw5e@bigcartel.com,195
wtorres5f@miitbeian.gov.cn,196
ghunt5g@moonfruit.com,197
sboyd5h@bloglines.com,198
tmason5i@t-online.de,199
mwatson5j@google.pl,200
jcook5k@oakley.com,201
jrichardson5l@howstuffworks.com,202
dhunt5m@163.com,203
lhowell5n@g.co,204
astanley5o@qq.com,205
rmiller5p@mail.ru,206
krose5q@microsoft.com,207
pmitchell5r@walmart.com,208
bhenderson5s@discovery.com,209
pwells5t@jugem.jp,210
kbowman5u@omniture.com,211
cholmes5v@oaic.gov.au,212
jjackson5w@lulu.com,213
ppeters5x@princeton.edu,214
thawkins5y@hostgator.com,215
breynolds5z@angelfire.com,216
bmartin60@state.tx.us,217
jmason61@wired.com,218
lreynolds62@rediff.com,219
vcoleman63@networksolutions.com,220
daustin64@usda.gov,221
rfoster65@edublogs.org,222
pcruz66@google.com,223
mboyd67@pen.io,224
lfowler68@google.it,225
jgarrett69@cpanel.net,226
cmontgomery6a@godaddy.com,227
mwest6b@discuz.net,228
jsnyder6c@mac.com,229
kgibson6d@intel.com,230
wanderson6e@npr.org,231
mruiz6f@amazon.com,232
lreed6g@pcworld.com,233
scole6h@unicef.org,234
klittle6i@state.tx.us,235
apierce6j@booking.com,236
wkelley6k@examiner.com,237
kfowler6l@smugmug.com,238
smason6m@vinaora.com,239
gmatthews6n@netvibes.com,240
sowens6o@state.gov,241
fferguson6p@blinklist.com,242
mmatthews6q@reverbnation.com,243
gscott6r@cbc.ca,244
mrice6s@i2i.jp,245
levans6t@statcounter.com,246
tpeterson6u@dmoz.org,247
jbowman6v@slideshare.net,248
parmstrong6w@squidoo.com,249
mmorris6x@examiner.com,250
creid6y@msn.com,251
wbowman6z@businessweek.com,252
jyoung70@yellowpages.com,253
jhenry71@webs.com,254
pnguyen72@slashdot.org,255
pbowman73@e-recht24.de,256
tcarter74@hc360.com,257
jmatthews75@ow.ly,258
lcoleman76@is.gd,259
dmontgomery77@tmall.com,260
slynch78@linkedin.com,261
jrogers79@prlog.org,262
dparker7a@howstuffworks.com,263
sperez7b@mtv.com,264
jcook7c@economist.com,265
rgray7d@marriott.com,266
jhudson7e@dmoz.org,267
jedwards7f@godaddy.com,268
sray7g@tuttocitta.it,269
jchapman7h@canalblog.com,270
sfoster7i@amazon.co.uk,271
mgarza7j@google.it,272
ssanders7k@reddit.com,273
emeyer7l@wp.com,274
lmorgan7m@comcast.net,275
canderson7n@fotki.com,276
sharrison7o@chron.com,277
gjenkins7p@furl.net,278
mporter7q@amazonaws.com,279
pbennett7r@ow.ly,280
jwelch7s@goo.gl,281
lbarnes7t@1688.com,282
chanson7u@sbwire.com,283
mgray7v@scientificamerican.com,284
kaustin7w@prweb.com,285
jlawrence7x@buzzfeed.com,286
mgarrett7y@census.gov,287
elynch7z@t.co,288
bflores80@mit.edu,289
dwhite81@marriott.com,290
rruiz82@answers.com,291
jfisher83@issuu.com,292
acox84@webeden.co.uk,293
crichards85@squidoo.com,294
jolson86@tripod.com,295
jprice87@home.pl,296
sward88@yellowpages.com,297
kbarnes89@cbslocal.com,298
kcox8a@clickbank.net,299
nadams8b@qq.com,300
tmarshall8c@over-blog.com,301
rbutler8d@bizjournals.com,302
croberts8e@auda.org.au,303
dharris8f@telegraph.co.uk,304
dpowell8g@pbs.org,305
jhart8h@illinois.edu,306
efranklin8i@dell.com,307
rbishop8j@i2i.jp,308
lblack8k@eventbrite.com,309
pboyd8l@feedburner.com,310
wweaver8m@creativecommons.org,311
gfrazier8n@google.ca,312
jboyd8o@narod.ru,313
afisher8p@mysql.com,314
abanks8q@ibm.com,315
bperkins8r@sakura.ne.jp,316
mcook8s@sohu.com,317
amason8t@geocities.jp,318
jpeterson8u@msu.edu,319
jbailey8v@acquirethisname.com,320
aowens8w@quantcast.com,321
tmendoza8x@gnu.org,322
lblack8y@canalblog.com,323
pprice8z@artisteer.com,324
amills90@timesonline.co.uk,325
mmcdonald91@t.co,326
amendoza92@people.com.cn,327
kprice93@soup.io,328
fkennedy94@google.de,329
jbaker95@whitehouse.gov,330
pbradley96@nifty.com,331
eperez97@si.edu,332
kbrown98@columbia.edu,333
aalvarez99@jugem.jp,334
dmontgomery9a@wikispaces.com,335
jday9b@ft.com,336
rschmidt9c@reuters.com,337
eadams9d@last.fm,338
fellis9e@ebay.com,339
jmoreno9f@arizona.edu,340
jparker9g@liveinternet.ru,341
jking9h@pcworld.com,342
dcooper9i@amazon.com,343
fhughes9j@jimdo.com,344
kjacobs9k@cmu.edu,345
lowens9l@shutterfly.com,346
criley9m@timesonline.co.uk,347
salvarez9n@ihg.com,348
vnichols9o@timesonline.co.uk,349
ttaylor9p@e-recht24.de,350
ssanchez9q@slashdot.org,351
jross9r@google.it,352
mwebb9s@bloglines.com,353
jwalker9t@about.me,354
kcarpenter9u@ucoz.ru,355
ejohnston9v@acquirethisname.com,356
scastillo9w@usnews.com,357
eday9x@taobao.com,358
mmurray9y@mysql.com,359
ehicks9z@diigo.com,360
rwheelera0@yale.edu,361
ewooda1@addtoany.com,362
srileya2@weebly.com,363
mreeda3@slideshare.net,364
rjonesa4@marriott.com,365
rboyda5@weather.com,366
rbrooksa6@jimdo.com,367
jtaylora7@wufoo.com,368
bleea8@netscape.com,369
rpereza9@vistaprint.com,370
kcampbellaa@unc.edu,371
wlongab@infoseek.co.jp,372
lhowardac@chron.com,373
bnicholsad@photobucket.com,374
madamsae@pbs.org,375
ajohnstonaf@github.com,376
dcruzag@washington.edu,377
llongah@amazon.de,378
hschmidtai@sbwire.com,379
tbarnesaj@stanford.edu,380
dperkinsak@linkedin.com,381
jstoneal@foxnews.com,382
mandersonam@alexa.com,383
bandrewsan@bizjournals.com,384
kdixonao@artisteer.com,385
acarrap@jugem.jp,386
aallenaq@icio.us,387
kpowellar@shutterfly.com,388
hreyesas@linkedin.com,389
jmyersat@typepad.com,390
mgordonau@stumbleupon.com,391
vfoxav@sohu.com,392
hwelchaw@skyrock.com,393
mrobinsonax@hugedomains.com,394
hwatkinsay@virginia.edu,395
rbanksaz@reddit.com,396
jparkerb0@wordpress.com,397
sarnoldb1@wisc.edu,398
tlopezb2@ucsd.edu,399
jhendersonb3@vkontakte.ru,400
fmarshallb4@hostgator.com,401
apalmerb5@va.gov,402
ehallb6@fc2.com,403
jburtonb7@xinhuanet.com,404
fgutierrezb8@elegantthemes.com,405
kbakerb9@tripod.com,406
rcarrba@de.vu,407
swebbbb@wunderground.com,408
mhicksbc@ucoz.com,409
dgreenbd@youtu.be,410
astephensbe@paginegialle.it,411
jhendersonbf@vk.com,412
ssimpsonbg@is.gd,413
eryanbh@state.tx.us,414
echavezbi@marriott.com,415
jcunninghambj@seesaa.net,416
aperezbk@etsy.com,417
mcarrollbl@unicef.org,418
nperezbm@scribd.com,419
cknightbn@reuters.com,420
igibsonbo@comcast.net,421
dknightbp@cloudflare.com,422
awrightbq@virginia.edu,423
ljamesbr@bloglines.com,424
npowellbs@chron.com,425
dfreemanbt@ow.ly,426
kmendozabu@globo.com,427
jfullerbv@skyrock.com,428
dblackbw@hostgator.com,429
awallacebx@springer.com,430
pmillsby@zdnet.com,431
kgardnerbz@amazon.de,432
ddavisc0@google.nl,433
jlarsonc1@acquirethisname.com,434
dandersonc2@archive.org,435
bhowellc3@ebay.co.uk,436
kchavezc4@yellowbook.com,437
dkellyc5@ucoz.ru,438
dpaynec6@ucsd.edu,439
probertsonc7@privacy.gov.au,440
wgarciac8@eventbrite.com,441
jturnerc9@devhub.com,442
bcampbellca@people.com.cn,443
pwilliamsoncb@constantcontact.com,444
solivercc@businessinsider.com,445
nrodriguezcd@cisco.com,446
smartince@vkontakte.ru,447
bwilliamscf@paypal.com,448
cweavercg@nifty.com,449
ccolemanch@digg.com,450
dcolemanci@bloglovin.com,451
portizcj@people.com.cn,452
rcarpenterck@goo.gl,453
nclarkcl@github.com,454
bfullercm@virginia.edu,455
jsimscn@yolasite.com,456
rmontgomeryco@phoca.cz,457
jortizcp@bandcamp.com,458
chawkinscq@mapy.cz,459
rfreemancr@telegraph.co.uk,460
mbankscs@nyu.edu,461
jdiazct@privacy.gov.au,462
medwardscu@mozilla.com,463
rlewiscv@ehow.com,464
mricecw@biglobe.ne.jp,465
ajohnstoncx@walmart.com,466
rfostercy@ibm.com,467
wbennettcz@patch.com,468
hmatthewsd0@ameblo.jp,469
dcoled1@mac.com,470
sjohnstond2@webmd.com,471
wjacobsd3@exblog.jp,472
jjenkinsd4@oracle.com,473
iryand5@unicef.org,474
dpayned6@gnu.org,475
apayned7@fastcompany.com,476
jfloresd8@nationalgeographic.com,477
rhayesd9@ihg.com,478
dcarpenterda@unicef.org,479
gmeyerdb@free.fr,480
rlongdc@upenn.edu,481
jsnyderdd@nhs.uk,482
kfergusonde@nbcnews.com,483
spricedf@sogou.com,484
rpowelldg@google.es,485
bwalkerdh@uol.com.br,486
kleedi@is.gd,487
dhowelldj@accuweather.com,488
jbishopdk@sciencedaily.com,489
pwarddl@ihg.com,490
sjordandm@unc.edu,491
kfreemandn@simplemachines.org,492
sstewartdo@weather.com,493
jgarzadp@vkontakte.ru,494
swilsondq@oakley.com,495
jspencerdr@angelfire.com,496
rbarnesds@studiopress.com,497
mallendt@uiuc.edu,498
thughesdu@booking.com,499
kmorenodv@ihg.com,500
tknightdw@cargocollective.com,501
nchapmandx@squarespace.com,502
sknightdy@biglobe.ne.jp,503
dlynchdz@chron.com,504
mgibsone0@bing.com,505
sbutlere1@techcrunch.com,506
tfullere2@studiopress.com,507
gyounge3@qq.com,508
bbowmane4@smugmug.com,509
tmccoye5@github.com,510
pwhitee6@techcrunch.com,511
crobinsone7@npr.org,512
dkelleye8@exblog.jp,513
abarnese9@yellowbook.com,514
rharperea@dropbox.com,515
jelliseb@samsung.com,516
afullerec@taobao.com,517
awashingtoned@google.co.uk,518
fmedinaee@nbcnews.com,519
rmatthewsef@mapy.cz,520
bboydeg@sbwire.com,521
gelliseh@jugem.jp,522
gduncanei@deliciousdays.com,523
wwalkerej@yale.edu,524
kevansek@163.com,525
snguyenel@tripadvisor.com,526
mfoxem@nba.com,527
afieldsen@archive.org,528
awashingtoneo@bbb.org,529
adayep@friendfeed.com,530
plyncheq@drupal.org,531
pdixoner@oakley.com,532
thansones@cpanel.net,533
rjohnsonet@tumblr.com,534
ndayeu@unc.edu,535
jjamesev@about.me,536
jstanleyew@mit.edu,537
shansonex@dedecms.com,538
acoleey@eventbrite.com,539
htaylorez@amazon.co.jp,540
carmstrongf0@twitter.com,541
jstephensf1@ftc.gov,542
cgilbertf2@cyberchimps.com,543
jnelsonf3@prnewswire.com,544
bvasquezf4@a8.net,545
lwhitef5@china.com.cn,546
jpetersf6@uiuc.edu,547
kmartinezf7@oakley.com,548
krosef8@cisco.com,549
fbryantf9@shutterfly.com,550
ahughesfa@de.vu,551
ccolemanfb@disqus.com,552
emontgomeryfc@youku.com,553
wrussellfd@purevolume.com,554
jbrooksfe@nsw.gov.au,555
sdunnff@amazonaws.com,556
sbrooksfg@360.cn,557
pperkinsfh@elegantthemes.com,558
cgibsonfi@instagram.com,559
jgreenfj@opensource.org,560
sperkinsfk@parallels.com,561
avasquezfl@bloglovin.com,562
rnelsonfm@cmu.edu,563
cedwardsfn@cbc.ca,564
dlongfo@epa.gov,565
jriverafp@springer.com,566
mnicholsfq@ted.com,567
cwagnerfr@freewebs.com,568
trosefs@ebay.co.uk,569
pbaileyft@theglobeandmail.com,570
agomezfu@tumblr.com,571
csimpsonfv@ebay.co.uk,572
tbowmanfw@quantcast.com,573
pwelchfx@house.gov,574
rwrightfy@bandcamp.com,575
mhansenfz@unc.edu,576
sjacksong0@amazon.de,577
mmyersg1@seattletimes.com,578
msimsg2@twitter.com,579
apayneg3@google.com,580
bgarciag4@flavors.me,581
jmatthewsg5@bloglines.com,582
atuckerg6@ycombinator.com,583
slaneg7@cbsnews.com,584
jkimg8@miibeian.gov.cn,585
eburnsg9@narod.ru,586
hlittlega@wufoo.com,587
awardgb@spiegel.de,588
rreyesgc@artisteer.com,589
jcolemangd@yale.edu,590
ldunnge@ted.com,591
sgilbertgf@t-online.de,592
jhughesgg@ustream.tv,593
jgonzalezgh@flavors.me,594
kchapmangi@nationalgeographic.com,595
fmatthewsgj@slashdot.org,596
pgrahamgk@jimdo.com,597
crussellgl@lycos.com,598
cpiercegm@census.gov,599
vpalmergn@vk.com,600
handrewsgo@bizjournals.com,601
cmooregp@japanpost.jp,602
kraygq@un.org,603
sfoxgr@csmonitor.com,604
sjenkinsgs@webs.com,605
rwatsongt@cnn.com,606
rrobertsongu@oakley.com,607
jnguyengv@joomla.org,608
eyounggw@purevolume.com,609
apattersongx@nationalgeographic.com,610
swoodsgy@meetup.com,611
mknightgz@domainmarket.com,612
eburtonh0@noaa.gov,613
jfordh1@netvibes.com,614
hruizh2@washingtonpost.com,615
mshawh3@newyorker.com,616
bblackh4@sitemeter.com,617
mwilliamsonh5@huffingtonpost.com,618
kbakerh6@cnn.com,619
rgardnerh7@mail.ru,620
rbakerh8@soup.io,621
jfernandezh9@merriam-webster.com,622
emurphyha@hubpages.com,623
rkennedyhb@state.tx.us,624
etorreshc@economist.com,625
kbrookshd@tamu.edu,626
lwilliamshe@google.com.br,627
kbennetthf@cloudflare.com,628
lhugheshg@sakura.ne.jp,629
cfloreshh@independent.co.uk,630
estanleyhi@yellowpages.com,631
wkennedyhj@zdnet.com,632
gburtonhk@godaddy.com,633
mcunninghamhl@mit.edu,634
plawrencehm@simplemachines.org,635
bcolehn@wisc.edu,636
mlopezho@moonfruit.com,637
walexanderhp@marriott.com,638
hstephenshq@istockphoto.com,639
jcarterhr@businesswire.com,640
cscotths@nba.com,641
kevansht@naver.com,642
ballenhu@123-reg.co.uk,643
cfullerhv@ustream.tv,644
dsimpsonhw@google.com,645
awebbhx@google.cn,646
bbowmanhy@reddit.com,647
eporterhz@dropbox.com,648
dmitchelli0@state.tx.us,649
jpowelli1@yelp.com,650
rpalmeri2@ucoz.com,651
awilliamsoni3@desdev.cn,652
lgonzalesi4@toplist.cz,653
dfosteri5@feedburner.com,654
bgriffini6@trellian.com,655
cknighti7@nyu.edu,656
krosei8@buzzfeed.com,657
emorrisoni9@japanpost.jp,658
sgordonia@redcross.org,659
jlopezib@ox.ac.uk,660
cmooreic@wikimedia.org,661
hhughesid@globo.com,662
fturnerie@example.com,663
wkimif@usatoday.com,664
cjohnstonig@sciencedaily.com,665
mhallih@dailymail.co.uk,666
ghowellii@tinypic.com,667
kturnerij@xinhuanet.com,668
dhicksik@about.com,669
dwatsonil@soup.io,670
fhawkinsim@typepad.com,671
snicholsin@dailymail.co.uk,672
pnicholsio@rediff.com,673
bwillisip@youku.com,674
dpereziq@devhub.com,675
rwatkinsir@sciencedirect.com,676
eharveyis@jugem.jp,677
kbanksit@biblegateway.com,678
fjohnsoniu@army.mil,679
clawsoniv@biglobe.ne.jp,680
tsancheziw@ucla.edu,681
mgutierrezix@purevolume.com,682
jthomasiy@cdc.gov,683
mthomasiz@scientificamerican.com,684
rharveyj0@istockphoto.com,685
tortizj1@yahoo.com,686
hcolej2@cyberchimps.com,687
apricej3@vistaprint.com,688
scolej4@noaa.gov,689
dbrownj5@i2i.jp,690
mkelleyj6@mozilla.org,691
dcastilloj7@delicious.com,692
bpetersj8@ning.com,693
ccarrj9@sohu.com,694
jhendersonja@cmu.edu,695
rfrazierjb@weibo.com,696
jjenkinsjc@businesswire.com,697
rpalmerjd@sun.com,698
jfoxje@economist.com,699
cjohnsonjf@ted.com,700
rmillsjg@spotify.com,701
lcunninghamjh@purevolume.com,702
wfreemanji@tiny.cc,703
bchapmanjj@amazon.com,704
dgilbertjk@si.edu,705
astonejl@bbb.org,706
hmurphyjm@nhs.uk,707
lsimpsonjn@marketwatch.com,708
ttaylorjo@domainmarket.com,709
mrichardsjp@paginegialle.it,710
tgrahamjq@multiply.com,711
dwalkerjr@canalblog.com,712
lwilsonjs@angelfire.com,713
scarrolljt@thetimes.co.uk,714
bcooperju@example.com,715
lhuntjv@typepad.com,716
swheelerjw@yolasite.com,717
sharrisjx@economist.com,718
ckelleyjy@accuweather.com,719
jgriffinjz@dot.gov,720
cbutlerk0@ftc.gov,721
pjamesk1@nhs.uk,722
rwallacek2@virginia.edu,723
sharperk3@canalblog.com,724
adavisk4@joomla.org,725
sschmidtk5@sohu.com,726
rricek6@a8.net,727
prichardsk7@netlog.com,728
cgardnerk8@engadget.com,729
hgibsonk9@360.cn,730
bfisherka@vistaprint.com,731
lpattersonkb@sfgate.com,732
lstephenskc@bbb.org,733
tgordonkd@google.it,734
bevanske@networkadvertising.org,735
sgordonkf@who.int,736
eromerokg@sourceforge.net,737
dhowellkh@wikipedia.org,738
jlaneki@cbslocal.com,739
jandrewskj@mysql.com,740
dhunterkk@e-recht24.de,741
mmasonkl@icq.com,742
rhowellkm@xing.com,743
wgutierrezkn@ycombinator.com,744
jmccoyko@salon.com,745
gfoxkp@constantcontact.com,746
rhickskq@guardian.co.uk,747
vdixonkr@github.io,748
dfreemanks@webnode.com,749
dgomezkt@artisteer.com,750
lreidku@ow.ly,751
bdixonkv@timesonline.co.uk,752
aweaverkw@archive.org,753
jpeterskx@forbes.com,754
afoxky@sciencedirect.com,755
dwashingtonkz@walmart.com,756
rlawsonl0@addthis.com,757
dfordl1@linkedin.com,758
pbowmanl2@cnn.com,759
bellisl3@people.com.cn,760
esmithl4@geocities.com,761
jsanchezl5@nydailynews.com,762
rfowlerl6@yahoo.co.jp,763
srobertsl7@cyberchimps.com,764
emarshalll8@fc2.com,765
aturnerl9@fema.gov,766
rtorresla@reuters.com,767
mhudsonlb@friendfeed.com,768
arodriguezlc@wp.com,769
dpierceld@spiegel.de,770
cadamsle@topsy.com,771
awalkerlf@deviantart.com,772
jsimpsonlg@purevolume.com,773
ckinglh@infoseek.co.jp,774
jbrooksli@trellian.com,775
sburkelj@mail.ru,776
jreedlk@sun.com,777
kgrantll@imageshack.us,778
ahowelllm@reuters.com,779
esimsln@ft.com,780
sellislo@de.vu,781
mstonelp@amazon.co.uk,782
akelleylq@reuters.com,783
eperkinslr@salon.com,784
jgreenels@washington.edu,785
breidlt@google.com.hk,786
nnicholslu@answers.com,787
kcruzlv@epa.gov,788
whansenlw@a8.net,789
nwhitelx@bravesites.com,790
amorenoly@nymag.com,791
aramirezlz@google.pl,792
vhenrym0@imdb.com,793
hmartinm1@tripod.com,794
jstevensm2@squarespace.com,795
cholmesm3@java.com,796
lcollinsm4@geocities.com,797
aphillipsm5@epa.gov,798
jjohnsonm6@merriam-webster.com,799
tblackm7@guardian.co.uk,800
jturnerm8@sitemeter.com,801
jbryantm9@census.gov,802
gspencerma@patch.com,803
estonemb@virginia.edu,804
cmurphymc@addtoany.com,805
sriveramd@walmart.com,806
sromerome@imageshack.us,807
fholmesmf@multiply.com,808
jmartinmg@devhub.com,809
jjordanmh@nature.com,810
sgarciami@github.com,811
jhansenmj@sbwire.com,812
jlittlemk@dailymotion.com,813
adayml@cdc.gov,814
asanchezmm@de.vu,815
cwatkinsmn@netlog.com,816
shansonmo@usnews.com,817
dwrightmp@cam.ac.uk,818
ltorresmq@businessweek.com,819
aspencermr@webnode.com,820
rjamesms@1688.com,821
tmurraymt@tamu.edu,822
karnoldmu@google.com.br,823
ktorresmv@apple.com,824
khansenmw@ted.com,825
tellismx@google.de,826
jcoopermy@dell.com,827
jmurphymz@goo.ne.jp,828
sburken0@tmall.com,829
bmitchelln1@dell.com,830
ajamesn2@about.com,831
wknightn3@seattletimes.com,832
rbaileyn4@about.me,833
sportern5@bing.com,834
rlanen6@cnn.com,835
pthomasn7@mediafire.com,836
kjohnsonn8@arizona.edu,837
rbutlern9@netvibes.com,838
lcruzna@rediff.com,839
lfieldsnb@google.com,840
jcarrnc@accuweather.com,841
ilawsonnd@nhs.uk,842
dsimsne@ucla.edu,843
erileynf@ifeng.com,844
anelsonng@huffingtonpost.com,845
cmedinanh@freewebs.com,846
lortizni@over-blog.com,847
awilliamsnj@ft.com,848
mhendersonnk@abc.net.au,849
hblacknl@over-blog.com,850
amartineznm@dropbox.com,851
rcolenn@mapquest.com,852
mgarzano@hao123.com,853
jrossnp@sitemeter.com,854
griveranq@hhs.gov,855
kdeannr@bloglines.com,856
lkingns@ameblo.jp,857
hwatkinsnt@wp.com,858
sbrooksnu@mysql.com,859
bstevensnv@alexa.com,860
jpereznw@fda.gov,861
hmyersnx@webmd.com,862
bhunterny@cam.ac.uk,863
pchaveznz@disqus.com,864
rmyerso0@51.la,865
iscotto1@ebay.co.uk,866
vsimpsono2@webmd.com,867
escotto3@nature.com,868
lkimo4@123-reg.co.uk,869
sfranklino5@slate.com,870
swheelero6@tinyurl.com,871
mharveyo7@topsy.com,872
jbrookso8@senate.gov,873
eturnero9@facebook.com,874
flynchoa@kickstarter.com,875
lbishopob@weather.com,876
ayoungoc@indiegogo.com,877
fedwardsod@pen.io,878
aedwardsoe@istockphoto.com,879
jlopezof@ehow.com,880
jgutierrezog@over-blog.com,881
jwilliamsoh@census.gov,882
cbennettoi@blog.com,883
ajamesoj@aboutads.info,884
asimpsonok@skyrock.com,885
framirezol@businesswire.com,886
tcoxom@wordpress.com,887
mbryanton@oakley.com,888
flawsonoo@usgs.gov,889
pbutlerop@freewebs.com,890
dhicksoq@ehow.com,891
bhayesor@elpais.com,892
brichardsos@hexun.com,893
lweaverot@cmu.edu,894
pcastilloou@typepad.com,895
lstephensov@liveinternet.ru,896
lwagnerow@indiegogo.com,897
daustinox@skype.com,898
rwagneroy@constantcontact.com,899
acastillooz@tamu.edu,900
wcooperp0@jugem.jp,901
dhendersonp1@vistaprint.com,902
tgrantp2@google.ru,903
mnguyenp3@wix.com,904
abutlerp4@networkadvertising.org,905
rdunnp5@xinhuanet.com,906
jwheelerp6@icq.com,907
jdeanp7@sbwire.com,908
bperkinsp8@moonfruit.com,909
fjacksonp9@unesco.org,910
cmartinezpa@exblog.jp,911
lperrypb@artisteer.com,912
jgreenpc@paypal.com,913
tvasquezpd@china.com.cn,914
smarshallpe@sbwire.com,915
cshawpf@wordpress.org,916
akelleypg@mapquest.com,917
jfrazierph@goo.gl,918
hwoodpi@pen.io,919
challpj@slashdot.org,920
ntaylorpk@smh.com.au,921
cstevenspl@mit.edu,922
vwelchpm@jigsy.com,923
rbankspn@reuters.com,924
alawrencepo@ucla.edu,925
enicholspp@51.la,926
mpowellpq@delicious.com,927
rbrookspr@prnewswire.com,928
wnelsonps@clickbank.net,929
bharperpt@friendfeed.com,930
akennedypu@skype.com,931
hgomezpv@t.co,932
hknightpw@paypal.com,933
jhendersonpx@yahoo.com,934
pwrightpy@businesswire.com,935
mduncanpz@google.co.jp,936
ddeanq0@shutterfly.com,937
trobinsonq1@nba.com,938
jwillisq2@t.co,939
pwagnerq3@ow.ly,940
bkimq4@indiegogo.com,941
jsimpsonq5@tinypic.com,942
cadamsq6@mashable.com,943
acoleq7@dropbox.com,944
dcarpenterq8@webmd.com,945
dcastilloq9@businessweek.com,946
fevansqa@unc.edu,947
dhicksqb@wikispaces.com,948
cbanksqc@businesswire.com,949
gkennedyqd@flavors.me,950
rrichardsonqe@webnode.com,951
tburkeqf@sciencedaily.com,952
mwardqg@flavors.me,953
jwardqh@marketwatch.com,954
hbutlerqi@issuu.com,955
kfosterqj@vk.com,956
cdayqk@arizona.edu,957
jharperql@imageshack.us,958
sgreenqm@unicef.org,959
mgutierrezqn@mlb.com,960
mgonzalesqo@ask.com,961
jgilbertqp@usda.gov,962
pbanksqq@house.gov,963
jbarnesqr@nationalgeographic.com,964
gbennettqs@behance.net,965
lscottqt@intel.com,966
jcastilloqu@printfriendly.com,967
bburtonqv@google.fr,968
jwoodsqw@usnews.com,969
dbanksqx@pbs.org,970
jlarsonqy@berkeley.edu,971
mgonzalesqz@china.com.cn,972
srobertsonr0@smugmug.com,973
jhansenr1@hao123.com,974
slopezr2@joomla.org,975
pboydr3@liveinternet.ru,976
mmccoyr4@va.gov,977
rolsonr5@weibo.com,978
wgarrettr6@amazon.de,979
mwestr7@tripadvisor.com,980
ssanchezr8@home.pl,981
lpiercer9@bloglovin.com,982
rwalkerra@over-blog.com,983
swilsonrb@mysql.com,984
msanchezrc@mashable.com,985
wmitchellrd@cloudflare.com,986
lramirezre@jalbum.net,987
rburnsrf@wordpress.org,988
klarsonrg@va.gov,989
psnyderrh@so-net.ne.jp,990
edunnri@weibo.com,991
tkennedyrj@alibaba.com,992
dwalkerrk@indiatimes.com,993
wcruzrl@topsy.com,994
dhamiltonrm@sakura.ne.jp,995
lmendozarn@unblog.fr,996
shawkinsro@army.mil,997
doliverrp@shutterfly.com,998
mandrewsrq@adobe.com,999
gbrownrr@joomla.org,1000
erivera0@usnews.com,1001
pstephens1@businessinsider.com,1002
lkelley2@blogger.com,1003
pcampbell3@jimdo.com,1004
jhenry4@hao123.com,1005
sbutler5@4shared.com,1006
lpatterson6@java.com,1007
ggibson7@github.io,1008
wmyers8@indiatimes.com,1009
mweaver9@wiley.com,1010
maustina@sina.com.cn,1011
dvasquezb@sakura.ne.jp,1012
hmontgomeryc@blinklist.com,1013
sgreend@privacy.gov.au,1014
lhenrye@cbslocal.com,1015
tdixonf@angelfire.com,1016
dwilsong@nydailynews.com,1017
ngrahamh@opera.com,1018
amendozai@scientificamerican.com,1019
chuntj@acquirethisname.com,1020
rcruzk@example.com,1021
arobinsonl@yolasite.com,1022
arobinsonm@cafepress.com,1023
jlongn@google.com.au,1024
mnguyeno@admin.ch,1025
dreynoldsp@wired.com,1026
grayq@sakura.ne.jp,1027
jhartr@chicagotribune.com,1028
kmcdonalds@alibaba.com,1029
aolivert@hugedomains.com,1030
selliottu@springer.com,1031
cmarshallv@chronoengine.com,1032
lmendozaw@dot.gov,1033
aaustinx@opensource.org,1034
bcoopery@spotify.com,1035
lgonzalezz@xinhuanet.com,1036
wcole10@goodreads.com,1037
jdaniels11@ted.com,1038
grivera12@spotify.com,1039
wbutler13@cnbc.com,1040
jtorres14@nationalgeographic.com,1041
phall15@webs.com,1042
jrobinson16@auda.org.au,1043
rrichards17@mayoclinic.com,1044
rchapman18@addtoany.com,1045
hhenry19@rambler.ru,1046
lowens1a@umn.edu,1047
dspencer1b@jugem.jp,1048
schapman1c@sphinn.com,1049
jlewis1d@admin.ch,1050
sreid1e@bloglines.com,1051
imccoy1f@ustream.tv,1052
fbrown1g@mozilla.com,1053
lgriffin1h@sourceforge.net,1054
wmeyer1i@macromedia.com,1055
jclark1j@scribd.com,1056
lmorrison1k@naver.com,1057
jgarrett1l@webeden.co.uk,1058
bspencer1m@liveinternet.ru,1059
rwoods1n@usgs.gov,1060
skelley1o@scribd.com,1061
jwheeler1p@devhub.com,1062
jlopez1q@nhs.uk,1063
afranklin1r@a8.net,1064
amoore1s@exblog.jp,1065
jjones1t@freewebs.com,1066
lhicks1u@reverbnation.com,1067
ahernandez1v@dropbox.com,1068
jwilliams1w@360.cn,1069
erodriguez1x@bing.com,1070
jbutler1y@i2i.jp,1071
rwarren1z@barnesandnoble.com,1072
mhunt20@nsw.gov.au,1073
wdixon21@google.com.hk,1074
ewest22@google.com,1075
mmurphy23@wiley.com,1076
dcrawford24@bluehost.com,1077
lmoreno25@admin.ch,1078
wward26@pagesperso-orange.fr,1079
scunningham27@studiopress.com,1080
nharrison28@zdnet.com,1081
hdaniels29@imgur.com,1082
jpayne2a@pcworld.com,1083
hhamilton2b@simplemachines.org,1084
jhunter2c@whitehouse.gov,1085
kmarshall2d@telegraph.co.uk,1086
aphillips2e@businessweek.com,1087
mporter2f@upenn.edu,1088
rmyers2g@nationalgeographic.com,1089
jhansen2h@cloudflare.com,1090
hwilliamson2i@reddit.com,1091
rreed2j@businessweek.com,1092
jrivera2k@sitemeter.com,1093
ejordan2l@hugedomains.com,1094
hsanchez2m@ucoz.ru,1095
dclark2n@comsenz.com,1096
mroberts2o@cbslocal.com,1097
kelliott2p@spiegel.de,1098
tblack2q@ted.com,1099
kbailey2r@fema.gov,1100
vreed2s@bandcamp.com,1101
cwood2t@devhub.com,1102
amorgan2u@twitpic.com,1103
gboyd2v@bandcamp.com,1104
mgardner2w@topsy.com,1105
lscott2x@nytimes.com,1106
cburns2y@ifeng.com,1107
alawrence2z@t.co,1108
cramos30@elegantthemes.com,1109
mfields31@harvard.edu,1110
dfrazier32@latimes.com,1111
jpalmer33@bizjournals.com,1112
mramos34@netvibes.com,1113
kmartinez35@yahoo.co.jp,1114
rprice36@a8.net,1115
mhughes37@mit.edu,1116
mjenkins38@huffingtonpost.com,1117
mnichols39@privacy.gov.au,1118
kberry3a@meetup.com,1119
rkennedy3b@qq.com,1120
drichards3c@delicious.com,1121
cmcdonald3d@dyndns.org,1122
vkennedy3e@pen.io,1123
hclark3f@angelfire.com,1124
freyes3g@forbes.com,1125
pbradley3h@statcounter.com,1126
jhowell3i@seesaa.net,1127
cjordan3j@desdev.cn,1128
aelliott3k@mit.edu,1129
chall3l@squidoo.com,1130
awoods3m@shareasale.com,1131
amatthews3n@oaic.gov.au,1132
aarnold3o@delicious.com,1133
eellis3p@cloudflare.com,1134
bprice3q@marketwatch.com,1135
hmyers3r@instagram.com,1136
dhughes3s@sciencedaily.com,1137
jlittle3t@illinois.edu,1138
gaustin3u@4shared.com,1139
jarnold3v@myspace.com,1140
pkennedy3w@sina.com.cn,1141
aalvarez3x@themeforest.net,1142
dharvey3y@lycos.com,1143
rhenderson3z@globo.com,1144
jfoster40@youtu.be,1145
kreid41@google.co.uk,1146
jdiaz42@chron.com,1147
lgarrett43@netscape.com,1148
sscott44@dyndns.org,1149
cmiller45@ihg.com,1150
jcampbell46@ed.gov,1151
rwatson47@wikia.com,1152
nwelch48@sfgate.com,1153
pfrazier49@nasa.gov,1154
asmith4a@smugmug.com,1155
knguyen4b@oakley.com,1156
jford4c@newsvine.com,1157
cpeters4d@buzzfeed.com,1158
aharvey4e@virginia.edu,1159
rbennett4f@tinypic.com,1160
jwalker4g@example.com,1161
fortiz4h@stanford.edu,1162
dcooper4i@dyndns.org,1163
smatthews4j@imageshack.us,1164
gtucker4k@sogou.com,1165
dreyes4l@phpbb.com,1166
bedwards4m@altervista.org,1167
thughes4n@hubpages.com,1168
hgriffin4o@360.cn,1169
tarnold4p@independent.co.uk,1170
wfowler4q@addtoany.com,1171
tgutierrez4r@liveinternet.ru,1172
vkennedy4s@wiley.com,1173
jgomez4t@shop-pro.jp,1174
jellis4u@godaddy.com,1175
jmeyer4v@ftc.gov,1176
cduncan4w@amazonaws.com,1177
scole4x@prlog.org,1178
bbishop4y@webmd.com,1179
gparker4z@ed.gov,1180
mhenry50@acquirethisname.com,1181
jhunt51@canalblog.com,1182
jhall52@zdnet.com,1183
astanley53@homestead.com,1184
eward54@typepad.com,1185
skelly55@istockphoto.com,1186
kpalmer56@booking.com,1187
bcole57@stanford.edu,1188
mcollins58@spotify.com,1189
rpayne59@nps.gov,1190
dburton5a@storify.com,1191
ljordan5b@psu.edu,1192
dfreeman5c@hatena.ne.jp,1193
gjames5d@mit.edu,1194
jrichardson5e@mozilla.com,1195
hlarson5f@icq.com,1196
lrobertson5g@altervista.org,1197
dblack5h@e-recht24.de,1198
bharvey5i@ebay.com,1199
jbryant5j@photobucket.com,1200
randerson5k@live.com,1201
jhunt5l@chicagotribune.com,1202
hbutler5m@google.co.jp,1203
rmedina5n@netscape.com,1204
vgonzales5o@nytimes.com,1205
apayne5p@typepad.com,1206
tsims5q@utexas.edu,1207
jburns5r@blogs.com,1208
bgreen5s@disqus.com,1209
pbutler5t@bizjournals.com,1210
baustin5u@unesco.org,1211
vholmes5v@google.com.au,1212
cknight5w@phoca.cz,1213
jjordan5x@desdev.cn,1214
bwheeler5y@accuweather.com,1215
cmorales5z@dailymotion.com,1216
pmason60@eventbrite.com,1217
kkennedy61@freewebs.com,1218
sbrooks62@nps.gov,1219
ldavis63@privacy.gov.au,1220
msanchez64@newsvine.com,1221
bfrazier65@msu.edu,1222
rcrawford66@wiley.com,1223
nmyers67@meetup.com,1224
jhawkins68@slideshare.net,1225
bgibson69@google.pl,1226
mbaker6a@wp.com,1227
dreed6b@wufoo.com,1228
dburns6c@unicef.org,1229
mgutierrez6d@g.co,1230
mtorres6e@tiny.cc,1231
afoster6f@skyrock.com,1232
lhawkins6g@imageshack.us,1233
bbell6h@edublogs.org,1234
ijames6i@privacy.gov.au,1235
sprice6j@europa.eu,1236
rmason6k@businessinsider.com,1237
dtorres6l@creativecommons.org,1238
plawson6m@wikimedia.org,1239
kporter6n@bizjournals.com,1240
rjackson6o@behance.net,1241
bbarnes6p@slideshare.net,1242
alee6q@linkedin.com,1243
cjohnston6r@dyndns.org,1244
bblack6s@loc.gov,1245
jowens6t@surveymonkey.com,1246
mmatthews6u@squidoo.com,1247
bmyers6v@nydailynews.com,1248
jsmith6w@prnewswire.com,1249
dlewis6x@prlog.org,1250
pwatson6y@dagondesign.com,1251
jperez6z@booking.com,1252
cmorgan70@cargocollective.com,1253
choward71@desdev.cn,1254
echapman72@ovh.net,1255
rgarrett73@domainmarket.com,1256
barmstrong74@de.vu,1257
wsims75@geocities.jp,1258
kpowell76@utexas.edu,1259
rmontgomery77@home.pl,1260
ggriffin78@phoca.cz,1261
bhernandez79@uiuc.edu,1262
lharvey7a@macromedia.com,1263
bparker7b@pagesperso-orange.fr,1264
cchavez7c@blog.com,1265
jandrews7d@creativecommons.org,1266
mhawkins7e@hc360.com,1267
bedwards7f@tripod.com,1268
jturner7g@va.gov,1269
ifranklin7h@weather.com,1270
ewoods7i@auda.org.au,1271
rmason7j@oakley.com,1272
iwest7k@tinypic.com,1273
llong7l@chronoengine.com,1274
apeters7m@craigslist.org,1275
grice7n@about.com,1276
ctaylor7o@google.com.hk,1277
lpayne7p@list-manage.com,1278
lhall7q@a8.net,1279
psanders7r@storify.com,1280
trobinson7s@gov.uk,1281
jflores7t@cnn.com,1282
apatterson7u@cdbaby.com,1283
pallen7v@spotify.com,1284
syoung7w@weebly.com,1285
tmiller7x@bing.com,1286
emccoy7y@people.com.cn,1287
padams7z@is.gd,1288
scoleman80@nytimes.com,1289
chicks81@addthis.com,1290
lgreen82@indiegogo.com,1291
hgutierrez83@globo.com,1292
lharrison84@biblegateway.com,1293
mfreeman85@goodreads.com,1294
jhart86@dion.ne.jp,1295
nharrison87@who.int,1296
jwilson88@amazon.co.jp,1297
jevans89@economist.com,1298
bbowman8a@java.com,1299
jcunningham8b@zimbio.com,1300
mmarshall8c@google.com.hk,1301
jfisher8d@yahoo.com,1302
agrant8e@last.fm,1303
dreid8f@sphinn.com,1304
jpatterson8g@skype.com,1305
ajordan8h@dailymail.co.uk,1306
bkennedy8i@fotki.com,1307
tfisher8j@fastcompany.com,1308
mortiz8k@va.gov,1309
kwilliams8l@bizjournals.com,1310
eperkins8m@narod.ru,1311
sramos8n@chron.com,1312
mprice8o@sbwire.com,1313
jwashington8p@about.me,1314
lwilson8q@php.net,1315
spatterson8r@networkadvertising.org,1316
ijacobs8s@jigsy.com,1317
jhughes8t@sbwire.com,1318
nblack8u@admin.ch,1319
ptaylor8v@forbes.com,1320
aruiz8w@quantcast.com,1321
dflores8x@engadget.com,1322
mwatkins8y@yahoo.co.jp,1323
plee8z@imageshack.us,1324
fwatson90@ning.com,1325
mjames91@ow.ly,1326
bjordan92@soup.io,1327
rhudson93@gnu.org,1328
dclark94@japanpost.jp,1329
dscott95@slashdot.org,1330
creyes96@utexas.edu,1331
sbowman97@admin.ch,1332
msnyder98@time.com,1333
lramirez99@blogs.com,1334
shenderson9a@trellian.com,1335
rcruz9b@google.es,1336
nbennett9c@hibu.com,1337
aferguson9d@dell.com,1338
kweaver9e@noaa.gov,1339
pbrown9f@addthis.com,1340
mreed9g@google.nl,1341
jcoleman9h@constantcontact.com,1342
jfreeman9i@webnode.com,1343
ahanson9j@wordpress.com,1344
jcox9k@telegraph.co.uk,1345
bbryant9l@about.me,1346
bwest9m@hud.gov,1347
kpalmer9n@dagondesign.com,1348
msmith9o@oracle.com,1349
rjohnston9p@skype.com,1350
bwillis9q@craigslist.org,1351
bmendoza9r@cbslocal.com,1352
dclark9s@booking.com,1353
dwilson9t@nationalgeographic.com,1354
ggonzalez9u@rakuten.co.jp,1355
pgeorge9v@bbb.org,1356
dwelch9w@salon.com,1357
rgrant9x@mapquest.com,1358
aperry9y@businessinsider.com,1359
jortiz9z@si.edu,1360
tkima0@symantec.com,1361
dwoodsa1@berkeley.edu,1362
harmstronga2@typepad.com,1363
wsimsa3@delicious.com,1364
jwarrena4@issuu.com,1365
scartera5@geocities.com,1366
rreynoldsa6@biblegateway.com,1367
mshawa7@cnn.com,1368
bjacobsa8@baidu.com,1369
chamiltona9@bravesites.com,1370
rbennettaa@list-manage.com,1371
kjacobsab@scientificamerican.com,1372
bgomezac@nih.gov,1373
pdunnad@sciencedaily.com,1374
cgonzalesae@baidu.com,1375
cgardneraf@arizona.edu,1376
wharrisonag@lycos.com,1377
amorenoah@ifeng.com,1378
pgarzaai@guardian.co.uk,1379
rwagneraj@telegraph.co.uk,1380
sholmesak@hostgator.com,1381
rwashingtonal@jugem.jp,1382
dwestam@aboutads.info,1383
mvasquezan@amazon.co.uk,1384
cfowlerao@europa.eu,1385
lwashingtonap@cnbc.com,1386
handrewsaq@ow.ly,1387
jturnerar@foxnews.com,1388
skimas@walmart.com,1389
nallenat@surveymonkey.com,1390
pbrownau@thetimes.co.uk,1391
jreyesav@infoseek.co.jp,1392
mwallaceaw@amazon.co.uk,1393
mgarzaax@dyndns.org,1394
sreyesay@dmoz.org,1395
cmitchellaz@telegraph.co.uk,1396
rwrightb0@clickbank.net,1397
ilynchb1@apache.org,1398
wgriffinb2@odnoklassniki.ru,1399
lwrightb3@samsung.com,1400
kcastillob4@tmall.com,1401
tkellyb5@shinystat.com,1402
psanchezb6@mac.com,1403
djonesb7@rambler.ru,1404
swilliamsonb8@canalblog.com,1405
hschmidtb9@reuters.com,1406
sharperba@ustream.tv,1407
jlongbb@ycombinator.com,1408
fgreenebc@infoseek.co.jp,1409
areyesbd@seesaa.net,1410
rrodriguezbe@bravesites.com,1411
tbaileybf@goo.ne.jp,1412
wbradleybg@npr.org,1413
irobinsonbh@cnbc.com,1414
acooperbi@google.com.au,1415
jortizbj@wufoo.com,1416
kjacobsbk@businessinsider.com,1417
jwashingtonbl@si.edu,1418
ddunnbm@jimdo.com,1419
pcampbellbn@1und1.de,1420
esmithbo@vinaora.com,1421
pcarrollbp@t.co,1422
lbaileybq@ameblo.jp,1423
gvasquezbr@google.com.au,1424
athompsonbs@who.int,1425
kwestbt@xrea.com,1426
aolsonbu@newyorker.com,1427
cevansbv@princeton.edu,1428
rpetersonbw@usa.gov,1429
sshawbx@paypal.com,1430
gbarnesby@boston.com,1431
bgilbertbz@who.int,1432
gdavisc0@etsy.com,1433
rrossc1@usda.gov,1434
hhicksc2@tumblr.com,1435
echavezc3@t-online.de,1436
cgreenec4@sun.com,1437
carnoldc5@delicious.com,1438
jhughesc6@time.com,1439
nsanchezc7@redcross.org,1440
rcookc8@xrea.com,1441
nbakerc9@amazonaws.com,1442
jhenryca@theguardian.com,1443
celliscb@sun.com,1444
tolsoncc@odnoklassniki.ru,1445
gbowmancd@admin.ch,1446
jpattersonce@ox.ac.uk,1447
gsmithcf@nbcnews.com,1448
prosecg@alibaba.com,1449
clittlech@usatoday.com,1450
dromeroci@rediff.com,1451
jcolecj@yolasite.com,1452
khughesck@ucoz.ru,1453
ebennettcl@de.vu,1454
pgardnercm@geocities.com,1455
jdanielscn@delicious.com,1456
jyoungco@exblog.jp,1457
kfreemancp@livejournal.com,1458
gcunninghamcq@va.gov,1459
rwellscr@va.gov,1460
dmorenocs@quantcast.com,1461
marnoldct@reuters.com,1462
gfowlercu@wunderground.com,1463
wduncancv@amazon.de,1464
jscottcw@arstechnica.com,1465
kgreenecx@netlog.com,1466
kfoxcy@360.cn,1467
rmorrisoncz@mac.com,1468
cgreend0@slashdot.org,1469
lmillerd1@apple.com,1470
sharveyd2@rakuten.co.jp,1471
pandersond3@globo.com,1472
pbrooksd4@linkedin.com,1473
wknightd5@dyndns.org,1474
hrodriguezd6@quantcast.com,1475
cbutlerd7@bravesites.com,1476
cfosterd8@google.nl,1477
kwellsd9@buzzfeed.com,1478
tortizda@un.org,1479
rhalldb@addtoany.com,1480
bfreemandc@amazonaws.com,1481
lpiercedd@ning.com,1482
sgarciade@cdbaby.com,1483
jpetersondf@google.pl,1484
gmillerdg@independent.co.uk,1485
kmcdonalddh@scribd.com,1486
anelsondi@ebay.co.uk,1487
kgomezdj@exblog.jp,1488
lhenrydk@google.fr,1489
byoungdl@npr.org,1490
btaylordm@umn.edu,1491
rgeorgedn@posterous.com,1492
dtorresdo@apache.org,1493
cpetersondp@house.gov,1494
bmorrisdq@liveinternet.ru,1495
jleedr@redcross.org,1496
afernandezds@csmonitor.com,1497
jshawdt@mayoclinic.com,1498
lmartindu@dyndns.org,1499
agarrettdv@wix.com,1500
jcastillodw@nhs.uk,1501
tlanedx@stumbleupon.com,1502
pdaydy@examiner.com,1503
cmccoydz@msn.com,1504
thamiltone0@feedburner.com,1505
nmasone1@techcrunch.com,1506
bbrookse2@comsenz.com,1507
dgraye3@de.vu,1508
crobinsone4@examiner.com,1509
ecolemane5@sfgate.com,1510
rduncane6@paypal.com,1511
lharveye7@taobao.com,1512
csimse8@si.edu,1513
bfowlere9@fc2.com,1514
mpriceea@a8.net,1515
bchavezeb@goo.ne.jp,1516
jsmithec@istockphoto.com,1517
hreided@dedecms.com,1518
khamiltonee@nih.gov,1519
wolsonef@trellian.com,1520
phuntereg@independent.co.uk,1521
kreynoldseh@blogspot.com,1522
clongei@unblog.fr,1523
cfergusonej@irs.gov,1524
lcooperek@wordpress.org,1525
acrawfordel@hud.gov,1526
rholmesem@g.co,1527
drobinsonen@hatena.ne.jp,1528
krogerseo@storify.com,1529
awrightep@newyorker.com,1530
jjacksoneq@vinaora.com,1531
mrobertser@paypal.com,1532
nmyerses@cocolog-nifty.com,1533
slopezet@vinaora.com,1534
lmartinezeu@cnbc.com,1535
pparkerev@zimbio.com,1536
nmorganew@deviantart.com,1537
gdixonex@yandex.ru,1538
ssandersey@list-manage.com,1539
groseez@delicious.com,1540
jfergusonf0@printfriendly.com,1541
dphillipsf1@wordpress.org,1542
hcastillof2@nyu.edu,1543
athomasf3@posterous.com,1544
sramosf4@fema.gov,1545
jhartf5@netlog.com,1546
dhartf6@indiegogo.com,1547
ewrightf7@dion.ne.jp,1548
breynoldsf8@networksolutions.com,1549
dthompsonf9@arizona.edu,1550
jlongfa@ox.ac.uk,1551
espencerfb@ebay.com,1552
lbowmanfc@clickbank.net,1553
pwashingtonfd@narod.ru,1554
dhansonfe@google.cn,1555
mlynchff@de.vu,1556
fcooperfg@wunderground.com,1557
pkelleyfh@arstechnica.com,1558
tdeanfi@deviantart.com,1559
mkellyfj@theguardian.com,1560
abishopfk@ted.com,1561
dfosterfl@dedecms.com,1562
srossfm@webmd.com,1563
dpetersonfn@blinklist.com,1564
rkimfo@omniture.com,1565
wgonzalezfp@businessinsider.com,1566
drossfq@state.gov,1567
mbakerfr@shareasale.com,1568
rmillerfs@mashable.com,1569
lshawft@noaa.gov,1570
cwebbfu@aboutads.info,1571
jcookfv@theguardian.com,1572
cjenkinsfw@nature.com,1573
rbradleyfx@ed.gov,1574
efowlerfy@umn.edu,1575
bperryfz@fda.gov,1576
revansg0@nifty.com,1577
pfergusong1@facebook.com,1578
bkellyg2@whitehouse.gov,1579
tdunng3@sun.com,1580
jandersong4@t.co,1581
rhillg5@de.vu,1582
jlaneg6@bbb.org,1583
pmontgomeryg7@biblegateway.com,1584
pfieldsg8@smh.com.au,1585
jdanielsg9@indiatimes.com,1586
bschmidtga@themeforest.net,1587
rwilliamsgb@chronoengine.com,1588
lhughesgc@issuu.com,1589
rfoxgd@washingtonpost.com,1590
wthomasge@a8.net,1591
lallengf@telegraph.co.uk,1592
landrewsgg@prlog.org,1593
ltuckergh@desdev.cn,1594
pdavisgi@example.com,1595
wruizgj@hubpages.com,1596
ajenkinsgk@newsvine.com,1597
thenrygl@discovery.com,1598
lsmithgm@icq.com,1599
swhitegn@domainmarket.com,1600
sbryantgo@printfriendly.com,1601
sortizgp@blog.com,1602
jgriffingq@jiathis.com,1603
rrobinsongr@telegraph.co.uk,1604
bedwardsgs@fotki.com,1605
challgt@stumbleupon.com,1606
hburkegu@myspace.com,1607
agarrettgv@hostgator.com,1608
apiercegw@amazon.co.jp,1609
bwebbgx@cdbaby.com,1610
alonggy@cdc.gov,1611
mgibsongz@reverbnation.com,1612
lcrawfordh0@vkontakte.ru,1613
afisherh1@berkeley.edu,1614
bmedinah2@cloudflare.com,1615
sperkinsh3@webeden.co.uk,1616
klewish4@t-online.de,1617
bmoralesh5@cmu.edu,1618
dreedh6@earthlink.net,1619
cortizh7@nbcnews.com,1620
lstanleyh8@icq.com,1621
mweaverh9@wix.com,1622
twheelerha@prlog.org,1623
wmeyerhb@artisteer.com,1624
mbryanthc@admin.ch,1625
jcrawfordhd@pinterest.com,1626
cwilliamshe@army.mil,1627
jhowardhf@last.fm,1628
rdavishg@mashable.com,1629
kmorenohh@naver.com,1630
cgarretthi@mozilla.com,1631
jfranklinhj@timesonline.co.uk,1632
ddunnhk@tripadvisor.com,1633
mrussellhl@reference.com,1634
thawkinshm@sina.com.cn,1635
mhugheshn@cloudflare.com,1636
dmorenoho@house.gov,1637
jnicholshp@google.ca,1638
tbradleyhq@nyu.edu,1639
mreyeshr@mlb.com,1640
mhowellhs@ocn.ne.jp,1641
jporterht@prnewswire.com,1642
wknighthu@prnewswire.com,1643
ahugheshv@feedburner.com,1644
twalkerhw@example.com,1645
vjoneshx@ucsd.edu,1646
ltuckerhy@discuz.net,1647
dduncanhz@mac.com,1648
hsimmonsi0@si.edu,1649
mmyersi1@umn.edu,1650
sporteri2@webmd.com,1651
chanseni3@java.com,1652
apowelli4@hhs.gov,1653
sadamsi5@wordpress.com,1654
emccoyi6@edublogs.org,1655
jgarciai7@google.com.hk,1656
pperezi8@wikipedia.org,1657
ecunninghami9@samsung.com,1658
jsanchezia@un.org,1659
sevansib@instagram.com,1660
candersonic@spiegel.de,1661
rwillisid@skype.com,1662
tharrisonie@webeden.co.uk,1663
jknightif@amazon.co.jp,1664
skelleyig@mayoclinic.com,1665
cfieldsih@mozilla.com,1666
jperkinsii@constantcontact.com,1667
jmatthewsij@macromedia.com,1668
sdunnik@youtube.com,1669
hfranklinil@home.pl,1670
hmedinaim@buzzfeed.com,1671
ksanchezin@stanford.edu,1672
rwatsonio@networkadvertising.org,1673
ablackip@mysql.com,1674
jfordiq@goodreads.com,1675
cfowlerir@virginia.edu,1676
ekimis@ycombinator.com,1677
rgarrettit@goo.gl,1678
rmartiniu@bloomberg.com,1679
rmccoyiv@de.vu,1680
ageorgeiw@mac.com,1681
hlongix@theatlantic.com,1682
cfosteriy@twitpic.com,1683
sbelliz@dropbox.com,1684
tcampbellj0@blogger.com,1685
mwoodsj1@ucoz.ru,1686
adayj2@dailymotion.com,1687
sjohnsonj3@domainmarket.com,1688
msimpsonj4@oakley.com,1689
dsullivanj5@usnews.com,1690
nmedinaj6@wikia.com,1691
ecooperj7@baidu.com,1692
astewartj8@pen.io,1693
lrobertsonj9@smugmug.com,1694
aedwardsja@globo.com,1695
kcruzjb@theglobeandmail.com,1696
wjohnsonjc@biblegateway.com,1697
anelsonjd@constantcontact.com,1698
anelsonje@issuu.com,1699
frusselljf@omniture.com,1700
sdiazjg@dyndns.org,1701
fromerojh@fotki.com,1702
jbrownji@admin.ch,1703
brileyjj@kickstarter.com,1704
aowensjk@storify.com,1705
srobinsonjl@prnewswire.com,1706
hfloresjm@pbs.org,1707
rcarrjn@cargocollective.com,1708
bwhitejo@senate.gov,1709
mstonejp@foxnews.com,1710
rwatkinsjq@bloglovin.com,1711
bbrooksjr@mayoclinic.com,1712
acunninghamjs@mapy.cz,1713
loliverjt@xrea.com,1714
tortizju@walmart.com,1715
jgordonjv@360.cn,1716
cshawjw@ehow.com,1717
arayjx@skyrock.com,1718
wgreenjy@mapquest.com,1719
dbrooksjz@intel.com,1720
acolek0@ifeng.com,1721
cmillerk1@theguardian.com,1722
jberryk2@dedecms.com,1723
dmartinezk3@webmd.com,1724
bschmidtk4@netvibes.com,1725
jjacobsk5@privacy.gov.au,1726
dmorgank6@youku.com,1727
lgonzalezk7@miibeian.gov.cn,1728
cberryk8@csmonitor.com,1729
sbaileyk9@blogspot.com,1730
salvarezka@businesswire.com,1731
bhowardkb@msu.edu,1732
ashawkc@wikipedia.org,1733
rramirezkd@networksolutions.com,1734
fgreeneke@techcrunch.com,1735
fjacobskf@elegantthemes.com,1736
mrobertsonkg@disqus.com,1737
ccastillokh@privacy.gov.au,1738
vporterki@jigsy.com,1739
mgeorgekj@oakley.com,1740
hrobertskk@phoca.cz,1741
hmasonkl@washington.edu,1742
jraykm@facebook.com,1743
aortizkn@adobe.com,1744
stuckerko@cnn.com,1745
jjacksonkp@cnbc.com,1746
jschmidtkq@tinypic.com,1747
nmartinezkr@state.gov,1748
kgrayks@utexas.edu,1749
jrobinsonkt@usgs.gov,1750
lwilsonku@blogspot.com,1751
drobertskv@xinhuanet.com,1752
mpiercekw@netlog.com,1753
tgriffinkx@a8.net,1754
mruizky@tinypic.com,1755
jmccoykz@unblog.fr,1756
jelliottl0@fda.gov,1757
rreidl1@clickbank.net,1758
tmurphyl2@weibo.com,1759
vcolemanl3@etsy.com,1760
phudsonl4@geocities.com,1761
jnelsonl5@nationalgeographic.com,1762
jhayesl6@freewebs.com,1763
jgrantl7@domainmarket.com,1764
lwallacel8@biglobe.ne.jp,1765
hbrownl9@smugmug.com,1766
ifosterla@myspace.com,1767
mberrylb@bravesites.com,1768
jmoorelc@pbs.org,1769
nwalkerld@myspace.com,1770
mruizle@webeden.co.uk,1771
trileylf@jimdo.com,1772
kpowelllg@is.gd,1773
rmoraleslh@unc.edu,1774
breedli@sourceforge.net,1775
alarsonlj@si.edu,1776
acarpenterlk@canalblog.com,1777
revansll@msu.edu,1778
mruizlm@quantcast.com,1779
rhendersonln@soup.io,1780
jwoodslo@xing.com,1781
kcolelp@360.cn,1782
amasonlq@usnews.com,1783
kwallacelr@pbs.org,1784
cmorenols@thetimes.co.uk,1785
wevanslt@opensource.org,1786
mschmidtlu@skype.com,1787
hmillslv@youtu.be,1788
ntuckerlw@techcrunch.com,1789
jfullerlx@nationalgeographic.com,1790
khayesly@dot.gov,1791
wmorrisonlz@facebook.com,1792
adavism0@marketwatch.com,1793
adunnm1@epa.gov,1794
aalvarezm2@sourceforge.net,1795
jwalkerm3@dot.gov,1796
hhowardm4@mtv.com,1797
dmcdonaldm5@cmu.edu,1798
wruizm6@google.com.hk,1799
bhuntm7@fc2.com,1800
mmontgomerym8@icq.com,1801
ahawkinsm9@purevolume.com,1802
jelliottma@yahoo.com,1803
delliottmb@godaddy.com,1804
fjordanmc@elegantthemes.com,1805
llittlemd@sbwire.com,1806
jleeme@buzzfeed.com,1807
rhudsonmf@google.de,1808
lrosemg@ftc.gov,1809
ghansenmh@nasa.gov,1810
ralvarezmi@noaa.gov,1811
bhillmj@wix.com,1812
rmitchellmk@toplist.cz,1813
jcruzml@hugedomains.com,1814
jbrooksmm@tripadvisor.com,1815
ekellymn@discovery.com,1816
crosemo@booking.com,1817
jrodriguezmp@microsoft.com,1818
mgraymq@networkadvertising.org,1819
ktaylormr@flavors.me,1820
cwrightms@dailymotion.com,1821
dgilbertmt@aboutads.info,1822
jgibsonmu@ucsd.edu,1823
hbutlermv@go.com,1824
tlopezmw@bloglovin.com,1825
rbowmanmx@answers.com,1826
bboydmy@google.ca,1827
mwilliamsmz@networksolutions.com,1828
palvarezn0@ibm.com,1829
dberryn1@google.cn,1830
sjohnsonn2@princeton.edu,1831
greedn3@who.int,1832
gcarrolln4@nature.com,1833
asnydern5@flavors.me,1834
jfullern6@go.com,1835
khenryn7@4shared.com,1836
cmillsn8@blog.com,1837
swardn9@purevolume.com,1838
dalvarezna@wufoo.com,1839
jbutlernb@nih.gov,1840
jandersonnc@parallels.com,1841
jjordannd@imageshack.us,1842
akennedyne@delicious.com,1843
gwilsonnf@g.co,1844
jjamesng@4shared.com,1845
rpereznh@hexun.com,1846
lhallni@naver.com,1847
delliottnj@jiathis.com,1848
cromeronk@reverbnation.com,1849
jbishopnl@xing.com,1850
mholmesnm@shinystat.com,1851
ppaynenn@seesaa.net,1852
thernandezno@yellowpages.com,1853
gromeronp@squidoo.com,1854
cduncannq@sciencedirect.com,1855
rmillsnr@usgs.gov,1856
cwilliamsonns@tuttocitta.it,1857
jellisnt@msn.com,1858
twoodnu@digg.com,1859
plongnv@cdc.gov,1860
rburnsnw@jugem.jp,1861
knicholsnx@newyorker.com,1862
mrodriguezny@godaddy.com,1863
iburnsnz@ovh.net,1864
emcdonaldo0@twitpic.com,1865
jmartino1@discovery.com,1866
kmasono2@hc360.com,1867
jtuckero3@vistaprint.com,1868
sstanleyo4@nyu.edu,1869
bkingo5@rediff.com,1870
kmorgano6@nsw.gov.au,1871
mgranto7@histats.com,1872
tdixono8@jugem.jp,1873
dcampbello9@acquirethisname.com,1874
mthomasoa@hexun.com,1875
pharveyob@apache.org,1876
wmedinaoc@ask.com,1877
jalvarezod@sogou.com,1878
dburnsoe@dyndns.org,1879
ptaylorof@sakura.ne.jp,1880
rjenkinsog@g.co,1881
csimpsonoh@people.com.cn,1882
jhicksoi@foxnews.com,1883
swatsonoj@microsoft.com,1884
sreynoldsok@nyu.edu,1885
erogersol@ucoz.ru,1886
jallenom@vistaprint.com,1887
njordanon@amazon.de,1888
jgarrettoo@php.net,1889
thansenop@homestead.com,1890
pjohnsonoq@weebly.com,1891
driveraor@reverbnation.com,1892
sjacobsos@goo.gl,1893
mcollinsot@marriott.com,1894
wholmesou@skyrock.com,1895
cgardnerov@linkedin.com,1896
nmorenoow@foxnews.com,1897
dburnsox@prweb.com,1898
jhuntoy@naver.com,1899
cburnsoz@google.com.br,1900
rhansonp0@pcworld.com,1901
mpetersp1@plala.or.jp,1902
mhartp2@sourceforge.net,1903
rwestp3@exblog.jp,1904
rnelsonp4@scientificamerican.com,1905
dbanksp5@themeforest.net,1906
bpowellp6@economist.com,1907
jdavisp7@opensource.org,1908
jnelsonp8@ted.com,1909
khunterp9@yolasite.com,1910
kknightpa@printfriendly.com,1911
rgarciapb@zimbio.com,1912
cgonzalezpc@storify.com,1913
kstonepd@yellowpages.com,1914
jlawsonpe@studiopress.com,1915
kmatthewspf@hp.com,1916
adanielspg@furl.net,1917
jfordph@boston.com,1918
tpaynepi@reverbnation.com,1919
mwestpj@github.io,1920
cburnspk@cornell.edu,1921
emartinezpl@cam.ac.uk,1922
cnelsonpm@blogs.com,1923
rwilliamspn@tumblr.com,1924
jmillspo@lycos.com,1925
aarmstrongpp@lulu.com,1926
jbakerpq@sitemeter.com,1927
jwheelerpr@cocolog-nifty.com,1928
cturnerps@free.fr,1929
jmoorept@illinois.edu,1930
cbrookspu@dailymotion.com,1931
jflorespv@simplemachines.org,1932
rgraypw@apple.com,1933
tgibsonpx@facebook.com,1934
jolsonpy@abc.net.au,1935
bdixonpz@google.fr,1936
pmcdonaldq0@example.com,1937
jsnyderq1@fotki.com,1938
abrownq2@google.com,1939
gsimpsonq3@freewebs.com,1940
jgardnerq4@netvibes.com,1941
dgonzalesq5@exblog.jp,1942
wcarrollq6@mapquest.com,1943
jthompsonq7@wunderground.com,1944
thenryq8@loc.gov,1945
tbarnesq9@fc2.com,1946
mrobertsonqa@bizjournals.com,1947
awheelerqb@businesswire.com,1948
lnguyenqc@tinyurl.com,1949
ecarrollqd@wsj.com,1950
lbaileyqe@delicious.com,1951
sbowmanqf@hugedomains.com,1952
mmitchellqg@arizona.edu,1953
thillqh@cdbaby.com,1954
jbellqi@businessweek.com,1955
pwilsonqj@psu.edu,1956
mfullerqk@cocolog-nifty.com,1957
jleeql@mashable.com,1958
cdayqm@ameblo.jp,1959
mmurrayqn@t-online.de,1960
wbennettqo@scribd.com,1961
tkimqp@dailymotion.com,1962
ngutierrezqq@cafepress.com,1963
jpriceqr@cisco.com,1964
mmorrisonqs@pagesperso-orange.fr,1965
dcarrollqt@hostgator.com,1966
bgardnerqu@dedecms.com,1967
jthompsonqv@businessweek.com,1968
kwestqw@unesco.org,1969
jreedqx@de.vu,1970
kmartinqy@i2i.jp,1971
bmccoyqz@last.fm,1972
pburnsr0@princeton.edu,1973
ccoler1@foxnews.com,1974
nberryr2@adobe.com,1975
awatsonr3@elegantthemes.com,1976
shansenr4@mapy.cz,1977
sweaverr5@sciencedirect.com,1978
rbakerr6@hp.com,1979
cmurphyr7@51.la,1980
cmasonr8@usatoday.com,1981
cgilbertr9@prlog.org,1982
ggrantra@chicagotribune.com,1983
hhallrb@sogou.com,1984
ngreenerc@cyberchimps.com,1985
jwelchrd@google.fr,1986
ldayre@bluehost.com,1987
wandersonrf@xinhuanet.com,1988
dbrooksrg@cornell.edu,1989
dwhiterh@timesonline.co.uk,1990
mramosri@thetimes.co.uk,1991
abutlerrj@stanford.edu,1992
dgarciark@marriott.com,1993
jrichardsrl@cnn.com,1994
ccookrm@shinystat.com,1995
jreyesrn@g.co,1996
mrogersro@webmd.com,1997
djonesrp@artisteer.com,1998
awillisrq@g.co,1999
mowensrr@state.gov,2000
randerson0@wikimedia.org,2001
chicks1@sun.com,2002
scampbell2@myspace.com,2003
kperez3@dot.gov,2004
jray4@w3.org,2005
kfrazier5@netlog.com,2006
vdixon6@bbc.co.uk,2007
wmartinez7@admin.ch,2008
bmartin8@cbsnews.com,2009
mlopez9@networkadvertising.org,2010
lsandersa@jalbum.net,2011
ppattersonb@ameblo.jp,2012
jstanleyc@buzzfeed.com,2013
adunnd@bravesites.com,2014
jbradleye@mozilla.org,2015
jperryf@posterous.com,2016
poliverg@hubpages.com,2017
kevansh@wikipedia.org,2018
srogersi@about.com,2019
cgomezj@dailymotion.com,2020
dpattersonk@simplemachines.org,2021
sfergusonl@eventbrite.com,2022
btuckerm@imdb.com,2023
bwilliamsn@dmoz.org,2024
dgonzalezo@joomla.org,2025
wmasonp@google.com.au,2026
gmedinaq@lulu.com,2027
wfoxr@princeton.edu,2028
kjacksons@shop-pro.jp,2029
hreedt@dropbox.com,2030
tkimu@ibm.com,2031
jromerov@springer.com,2032
bmitchellw@twitter.com,2033
prodriguezx@wsj.com,2034
igrayy@ihg.com,2035
jwellsz@sphinn.com,2036
rward10@go.com,2037
lfoster11@gizmodo.com,2038
rfowler12@macromedia.com,2039
jjames13@printfriendly.com,2040
dfernandez14@mozilla.com,2041
abrown15@sbwire.com,2042
warnold16@uol.com.br,2043
ahart17@si.edu,2044
mdavis18@smugmug.com,2045
dwells19@theatlantic.com,2046
pthompson1a@sogou.com,2047
bray1b@naver.com,2048
chernandez1c@360.cn,2049
jhudson1d@digg.com,2050
rgarrett1e@mtv.com,2051
rward1f@nps.gov,2052
kbrown1g@dyndns.org,2053
enelson1h@disqus.com,2054
aflores1i@feedburner.com,2055
cbell1j@samsung.com,2056
jbell1k@google.co.jp,2057
jriley1l@flavors.me,2058
pmorrison1m@bravesites.com,2059
fwoods1n@dion.ne.jp,2060
rford1o@un.org,2061
kdean1p@alexa.com,2062
chowell1q@samsung.com,2063
mrichards1r@about.com,2064
hpeters1s@ftc.gov,2065
cmitchell1t@statcounter.com,2066
tmedina1u@wikia.com,2067
dstone1v@yahoo.co.jp,2068
vbanks1w@gnu.org,2069
pclark1x@cocolog-nifty.com,2070
storres1y@last.fm,2071
anguyen1z@dmoz.org,2072
afisher20@vkontakte.ru,2073
tcoleman21@marriott.com,2074
jbrooks22@topsy.com,2075
ascott23@imageshack.us,2076
jgonzales24@umich.edu,2077
mvasquez25@irs.gov,2078
ifuller26@businessweek.com,2079
jcox27@psu.edu,2080
ablack28@yellowpages.com,2081
bday29@google.com.au,2082
sdiaz2a@sourceforge.net,2083
alee2b@bluehost.com,2084
afreeman2c@mozilla.com,2085
ralvarez2d@pinterest.com,2086
aandrews2e@edublogs.org,2087
cburns2f@paginegialle.it,2088
lhill2g@google.pl,2089
krichards2h@thetimes.co.uk,2090
chowell2i@house.gov,2091
rmarshall2j@newyorker.com,2092
cmiller2k@example.com,2093
abaker2l@yandex.ru,2094
jbell2m@yandex.ru,2095
mhunt2n@cpanel.net,2096
pbarnes2o@salon.com,2097
mhughes2p@pinterest.com,2098
rortiz2q@macromedia.com,2099
sryan2r@pcworld.com,2100
abradley2s@google.fr,2101
jbradley2t@linkedin.com,2102
anguyen2u@addthis.com,2103
emiller2v@vistaprint.com,2104
pblack2w@geocities.com,2105
rmorris2x@webs.com,2106
jlee2y@latimes.com,2107
afoster2z@nih.gov,2108
tdaniels30@multiply.com,2109
dhenderson31@bbb.org,2110
jmedina32@noaa.gov,2111
bgreene33@europa.eu,2112
csullivan34@blogspot.com,2113
tstone35@unc.edu,2114
sgibson36@admin.ch,2115
mbutler37@t-online.de,2116
tduncan38@parallels.com,2117
lspencer39@jiathis.com,2118
jelliott3a@techcrunch.com,2119
kmedina3b@loc.gov,2120
smedina3c@cisco.com,2121
ghansen3d@bloomberg.com,2122
rday3e@ucoz.com,2123
chart3f@multiply.com,2124
cyoung3g@usnews.com,2125
erichards3h@tinypic.com,2126
wfrazier3i@virginia.edu,2127
dwilliams3j@va.gov,2128
pprice3k@imageshack.us,2129
plittle3l@oracle.com,2130
gwest3m@hhs.gov,2131
chart3n@howstuffworks.com,2132
pjones3o@theguardian.com,2133
jlittle3p@booking.com,2134
jbowman3q@jigsy.com,2135
fknight3r@aboutads.info,2136
tnichols3s@home.pl,2137
hpayne3t@angelfire.com,2138
smendoza3u@google.com.hk,2139
wbishop3v@springer.com,2140
jchapman3w@studiopress.com,2141
dwashington3x@bbb.org,2142
dbennett3y@ca.gov,2143
tgarza3z@imgur.com,2144
dmorris40@sbwire.com,2145
cgarrett41@drupal.org,2146
jbarnes42@blogspot.com,2147
bbrown43@google.it,2148
jwatkins44@g.co,2149
lgomez45@ehow.com,2150
alawson46@blogspot.com,2151
portiz47@microsoft.com,2152
brobertson48@deliciousdays.com,2153
thenderson49@discuz.net,2154
jallen4a@slate.com,2155
rmorris4b@barnesandnoble.com,2156
bberry4c@booking.com,2157
bjackson4d@dedecms.com,2158
pharvey4e@google.co.jp,2159
mriley4f@psu.edu,2160
aadams4g@flavors.me,2161
dhughes4h@instagram.com,2162
pharrison4i@tinypic.com,2163
lpeterson4j@who.int,2164
rjohnston4k@hud.gov,2165
nhanson4l@clickbank.net,2166
bwright4m@wikipedia.org,2167
rstevens4n@cam.ac.uk,2168
rmorrison4o@irs.gov,2169
ptorres4p@vimeo.com,2170
fgibson4q@newyorker.com,2171
aflores4r@mac.com,2172
hstanley4s@globo.com,2173
tellis4t@walmart.com,2174
lray4u@jigsy.com,2175
dperkins4v@t.co,2176
sclark4w@hubpages.com,2177
rweaver4x@ocn.ne.jp,2178
rford4y@freewebs.com,2179
ihudson4z@cnbc.com,2180
pcollins50@narod.ru,2181
jvasquez51@unblog.fr,2182
gwarren52@ocn.ne.jp,2183
aparker53@google.co.jp,2184
phenderson54@friendfeed.com,2185
bsanders55@sciencedirect.com,2186
jkelly56@bing.com,2187
sbrown57@gizmodo.com,2188
astewart58@hhs.gov,2189
cwebb59@mac.com,2190
tcastillo5a@amazonaws.com,2191
pmurphy5b@cornell.edu,2192
lrice5c@sohu.com,2193
scarter5d@seesaa.net,2194
jbutler5e@furl.net,2195
ajordan5f@theguardian.com,2196
knelson5g@wired.com,2197
ebrooks5h@people.com.cn,2198
lryan5i@wix.com,2199
nfranklin5j@mozilla.org,2200
jryan5k@upenn.edu,2201
jgray5l@chicagotribune.com,2202
sblack5m@baidu.com,2203
talvarez5n@weather.com,2204
jstanley5o@cnet.com,2205
gmyers5p@foxnews.com,2206
jdunn5q@myspace.com,2207
agarrett5r@cdbaby.com,2208
ljordan5s@google.co.jp,2209
gwarren5t@sun.com,2210
rmorrison5u@bbc.co.uk,2211
amcdonald5v@cnn.com,2212
jdunn5w@networksolutions.com,2213
bcook5x@geocities.com,2214
ahenry5y@ehow.com,2215
tbrooks5z@earthlink.net,2216
chanson60@reuters.com,2217
jlawson61@dion.ne.jp,2218
sfowler62@friendfeed.com,2219
shayes63@spotify.com,2220
mlane64@odnoklassniki.ru,2221
chall65@squidoo.com,2222
plewis66@wordpress.org,2223
kdiaz67@adobe.com,2224
mhall68@army.mil,2225
jblack69@alibaba.com,2226
cmartinez6a@webnode.com,2227
gryan6b@wufoo.com,2228
jrose6c@imageshack.us,2229
cellis6d@1688.com,2230
jcoleman6e@ebay.co.uk,2231
jberry6f@cmu.edu,2232
lcunningham6g@cdbaby.com,2233
vfrazier6h@archive.org,2234
jdixon6i@blogspot.com,2235
jbowman6j@wordpress.com,2236
jcastillo6k@cpanel.net,2237
jtaylor6l@accuweather.com,2238
ajacobs6m@state.gov,2239
dperkins6n@about.me,2240
cmyers6o@hhs.gov,2241
ddean6p@nytimes.com,2242
brogers6q@nba.com,2243
lfreeman6r@purevolume.com,2244
ariley6s@furl.net,2245
dmarshall6t@tiny.cc,2246
cprice6u@weibo.com,2247
nholmes6v@feedburner.com,2248
mcook6w@moonfruit.com,2249
mcunningham6x@tmall.com,2250
kwillis6y@nymag.com,2251
rthompson6z@ebay.com,2252
jfisher70@zdnet.com,2253
lcrawford71@irs.gov,2254
mrose72@google.co.jp,2255
mknight73@stanford.edu,2256
balexander74@dailymail.co.uk,2257
jfrazier75@admin.ch,2258
rknight76@issuu.com,2259
emorgan77@mayoclinic.com,2260
tlittle78@cbc.ca,2261
jreynolds79@xing.com,2262
tsimpson7a@a8.net,2263
psimpson7b@ning.com,2264
sbryant7c@pcworld.com,2265
lray7d@diigo.com,2266
jriley7e@ihg.com,2267
ngibson7f@gizmodo.com,2268
jellis7g@google.fr,2269
jwatson7h@europa.eu,2270
pcarr7i@elpais.com,2271
tmeyer7j@ibm.com,2272
dalexander7k@aboutads.info,2273
wperry7l@godaddy.com,2274
wwatkins7m@icq.com,2275
aevans7n@chronoengine.com,2276
swillis7o@people.com.cn,2277
wwoods7p@privacy.gov.au,2278
awalker7q@miibeian.gov.cn,2279
lstanley7r@ehow.com,2280
hrichardson7s@seattletimes.com,2281
lmorales7t@disqus.com,2282
pjackson7u@blog.com,2283
levans7v@ucoz.com,2284
jrogers7w@slate.com,2285
afuller7x@blogger.com,2286
warmstrong7y@spiegel.de,2287
ajordan7z@army.mil,2288
dlittle80@google.it,2289
rbradley81@uol.com.br,2290
pweaver82@lulu.com,2291
gkennedy83@cam.ac.uk,2292
cmeyer84@dedecms.com,2293
sdean85@chicagotribune.com,2294
chenry86@bing.com,2295
charper87@e-recht24.de,2296
sgreen88@usda.gov,2297
adixon89@360.cn,2298
rperkins8a@biglobe.ne.jp,2299
alopez8b@digg.com,2300
kwalker8c@twitter.com,2301
nalvarez8d@unesco.org,2302
kwright8e@twitpic.com,2303
tpalmer8f@uiuc.edu,2304
aporter8g@samsung.com,2305
kgutierrez8h@ox.ac.uk,2306
lbanks8i@amazonaws.com,2307
scrawford8j@craigslist.org,2308
lmason8k@cnn.com,2309
bfrazier8l@cargocollective.com,2310
dkennedy8m@apache.org,2311
bwarren8n@1und1.de,2312
bwalker8o@biblegateway.com,2313
wolson8p@aboutads.info,2314
gromero8q@mashable.com,2315
sjenkins8r@ycombinator.com,2316
jrivera8s@nsw.gov.au,2317
pmeyer8t@clickbank.net,2318
mgarrett8u@fastcompany.com,2319
kmendoza8v@google.com.br,2320
pstevens8w@spiegel.de,2321
jhunt8x@reference.com,2322
sthomas8y@disqus.com,2323
aferguson8z@redcross.org,2324
ewallace90@artisteer.com,2325
tnguyen91@netscape.com,2326
wbishop92@bloglovin.com,2327
jhenry93@toplist.cz,2328
hrobertson94@tmall.com,2329
kmills95@hud.gov,2330
ahanson96@skype.com,2331
ebrooks97@wikia.com,2332
tburke98@wikia.com,2333
rmurray99@infoseek.co.jp,2334
kpatterson9a@blogspot.com,2335
rgriffin9b@nydailynews.com,2336
pmontgomery9c@woothemes.com,2337
jclark9d@cnn.com,2338
klewis9e@godaddy.com,2339
kpalmer9f@hugedomains.com,2340
pmartinez9g@imgur.com,2341
tbennett9h@t-online.de,2342
lwright9i@arstechnica.com,2343
mharrison9j@bloglines.com,2344
bbaker9k@hostgator.com,2345
asanders9l@ovh.net,2346
elynch9m@livejournal.com,2347
apatterson9n@biblegateway.com,2348
jward9o@delicious.com,2349
clawrence9p@nature.com,2350
rtucker9q@salon.com,2351
iparker9r@wix.com,2352
rramirez9s@elegantthemes.com,2353
mfuller9t@plala.or.jp,2354
khayes9u@bigcartel.com,2355
adavis9v@google.com.hk,2356
cbishop9w@unblog.fr,2357
rsanders9x@wikimedia.org,2358
jjones9y@nydailynews.com,2359
cyoung9z@wix.com,2360
lmillera0@bloglines.com,2361
hjonesa1@acquirethisname.com,2362
cmitchella2@marketwatch.com,2363
smcdonalda3@un.org,2364
mpaynea4@cdc.gov,2365
madamsa5@list-manage.com,2366
rcarrolla6@washington.edu,2367
dwallacea7@seattletimes.com,2368
ckima8@youku.com,2369
areynoldsa9@de.vu,2370
ekingaa@youtu.be,2371
dstevensab@phoca.cz,2372
ldanielsac@dropbox.com,2373
brichardsad@w3.org,2374
jgomezae@wikispaces.com,2375
whawkinsaf@nature.com,2376
sstevensag@princeton.edu,2377
cdiazah@google.ca,2378
cschmidtai@msn.com,2379
srodriguezaj@china.com.cn,2380
jwillisak@dagondesign.com,2381
rowensal@sina.com.cn,2382
jknightam@sourceforge.net,2383
eramosan@blogs.com,2384
criveraao@shop-pro.jp,2385
kyoungap@sun.com,2386
jjenkinsaq@irs.gov,2387
emartinezar@stumbleupon.com,2388
jstevensas@mozilla.org,2389
jbowmanat@infoseek.co.jp,2390
jmontgomeryau@mozilla.com,2391
lhudsonav@adobe.com,2392
kjamesaw@wikimedia.org,2393
nclarkax@smh.com.au,2394
kcarrollay@fema.gov,2395
rpalmeraz@phoca.cz,2396
dhernandezb0@unblog.fr,2397
sblackb1@spotify.com,2398
pwilliamsonb2@phpbb.com,2399
awilliamsonb3@jigsy.com,2400
nmeyerb4@buzzfeed.com,2401
astevensb5@walmart.com,2402
aedwardsb6@nbcnews.com,2403
cfieldsb7@google.ca,2404
bbrownb8@last.fm,2405
rphillipsb9@sciencedaily.com,2406
bhughesba@people.com.cn,2407
alewisbb@etsy.com,2408
isanchezbc@opensource.org,2409
narmstrongbd@shutterfly.com,2410
cryanbe@uol.com.br,2411
rcookbf@archive.org,2412
jharperbg@bandcamp.com,2413
jdanielsbh@privacy.gov.au,2414
bjordanbi@qq.com,2415
bhansenbj@statcounter.com,2416
fstanleybk@phpbb.com,2417
kcollinsbl@elpais.com,2418
wmccoybm@liveinternet.ru,2419
ajordanbn@google.cn,2420
lturnerbo@webnode.com,2421
dwoodsbp@typepad.com,2422
esullivanbq@theglobeandmail.com,2423
gparkerbr@cdbaby.com,2424
rdaybs@baidu.com,2425
cfowlerbt@nyu.edu,2426
alarsonbu@comsenz.com,2427
dpetersonbv@webnode.com,2428
creidbw@intel.com,2429
jmurraybx@earthlink.net,2430
mromeroby@dyndns.org,2431
mrobertsonbz@yandex.ru,2432
estonec0@europa.eu,2433
sjohnstonc1@cmu.edu,2434
rjenkinsc2@lycos.com,2435
arobinsonc3@addthis.com,2436
asandersc4@ebay.com,2437
emartinc5@bloomberg.com,2438
kgardnerc6@zimbio.com,2439
cmorganc7@elpais.com,2440
astevensc8@bravesites.com,2441
mlynchc9@github.com,2442
ggrantca@feedburner.com,2443
apalmercb@wordpress.org,2444
shernandezcc@webeden.co.uk,2445
nwrightcd@china.com.cn,2446
acunninghamce@ucoz.ru,2447
spiercecf@home.pl,2448
aperrycg@goodreads.com,2449
bsnyderch@umn.edu,2450
dboydci@cdbaby.com,2451
jgreencj@amazon.co.uk,2452
solsonck@lulu.com,2453
cramirezcl@bloomberg.com,2454
sfostercm@toplist.cz,2455
khansencn@vinaora.com,2456
tkellyco@ucoz.ru,2457
salexandercp@soundcloud.com,2458
sfranklincq@biglobe.ne.jp,2459
mknightcr@wiley.com,2460
jpattersoncs@mayoclinic.com,2461
lgonzalezct@squarespace.com,2462
ahallcu@harvard.edu,2463
jriveracv@aboutads.info,2464
rpricecw@icio.us,2465
aperezcx@ca.gov,2466
rlawrencecy@wikipedia.org,2467
parnoldcz@miitbeian.gov.cn,2468
kcollinsd0@ted.com,2469
bmarshalld1@slideshare.net,2470
jdeand2@eepurl.com,2471
mturnerd3@webs.com,2472
hschmidtd4@printfriendly.com,2473
mcarrd5@ifeng.com,2474
astoned6@yandex.ru,2475
welliottd7@unc.edu,2476
dleed8@storify.com,2477
bramirezd9@trellian.com,2478
rmarshallda@nature.com,2479
mrobertsdb@hp.com,2480
jperkinsdc@unblog.fr,2481
hcollinsdd@about.me,2482
rvasquezde@flavors.me,2483
jmillsdf@t-online.de,2484
jgonzalesdg@sfgate.com,2485
rrossdh@wikimedia.org,2486
jgarzadi@icq.com,2487
ichapmandj@statcounter.com,2488
jhayesdk@pcworld.com,2489
cramosdl@twitter.com,2490
gpalmerdm@netvibes.com,2491
cwatsondn@canalblog.com,2492
thayesdo@lulu.com,2493
hlittledp@nih.gov,2494
ediazdq@clickbank.net,2495
jjohnsondr@topsy.com,2496
nolsonds@time.com,2497
aricedt@auda.org.au,2498
rjenkinsdu@reddit.com,2499
lcampbelldv@ox.ac.uk,2500
sjacksondw@pinterest.com,2501
jjonesdx@mediafire.com,2502
ahamiltondy@gravatar.com,2503
scarpenterdz@yahoo.com,2504
bgardnere0@sun.com,2505
egarzae1@yale.edu,2506
hturnere2@zdnet.com,2507
fmooree3@amazonaws.com,2508
pmurphye4@wikispaces.com,2509
mbutlere5@histats.com,2510
mreede6@virginia.edu,2511
rbakere7@w3.org,2512
belliotte8@icq.com,2513
cfoxe9@yellowbook.com,2514
tpowellea@google.com.au,2515
jschmidteb@hexun.com,2516
mthompsonec@is.gd,2517
mjamesed@theguardian.com,2518
wlongee@addthis.com,2519
khuntef@nhs.uk,2520
kgreeneeg@opensource.org,2521
dpierceeh@rambler.ru,2522
dbowmanei@mtv.com,2523
lbrownej@sbwire.com,2524
sreyesek@simplemachines.org,2525
aaustinel@mlb.com,2526
mlarsonem@cbslocal.com,2527
gellisen@qq.com,2528
dspencereo@pinterest.com,2529
bbanksep@quantcast.com,2530
pharrisoneq@joomla.org,2531
dgreeneer@hhs.gov,2532
wwestes@altervista.org,2533
jmarshallet@people.com.cn,2534
hbryanteu@princeton.edu,2535
kbishopev@cnbc.com,2536
tmorrisonew@ftc.gov,2537
jrichardsonex@amazon.co.uk,2538
dgibsoney@themeforest.net,2539
jmurrayez@netscape.com,2540
hbrooksf0@1688.com,2541
khayesf1@admin.ch,2542
mhamiltonf2@google.co.jp,2543
frogersf3@irs.gov,2544
sfranklinf4@bloomberg.com,2545
efoxf5@list-manage.com,2546
jmoralesf6@g.co,2547
mrayf7@wix.com,2548
csmithf8@phoca.cz,2549
ajacobsf9@freewebs.com,2550
rolsonfa@theguardian.com,2551
kelliottfb@mtv.com,2552
jberryfc@g.co,2553
wmartinfd@pcworld.com,2554
tpiercefe@prnewswire.com,2555
eharperff@wisc.edu,2556
gmartinfg@geocities.com,2557
mhansenfh@earthlink.net,2558
ewatkinsfi@gizmodo.com,2559
gburtonfj@techcrunch.com,2560
jhenryfk@mediafire.com,2561
jweaverfl@theglobeandmail.com,2562
hgeorgefm@amazon.co.jp,2563
lbarnesfn@archive.org,2564
kmccoyfo@goo.ne.jp,2565
jandersonfp@businesswire.com,2566
jbradleyfq@ucoz.com,2567
jwellsfr@vk.com,2568
jbowmanfs@google.cn,2569
eknightft@creativecommons.org,2570
holiverfu@abc.net.au,2571
tmarshallfv@trellian.com,2572
bleefw@hexun.com,2573
lturnerfx@vk.com,2574
krichardsonfy@taobao.com,2575
hstewartfz@tinypic.com,2576
shenryg0@mit.edu,2577
nlongg1@ocn.ne.jp,2578
awilliamsong2@wired.com,2579
cgreeng3@google.it,2580
vrichardsg4@intel.com,2581
mmooreg5@craigslist.org,2582
cgrahamg6@chicagotribune.com,2583
sgrayg7@google.pl,2584
jhunterg8@berkeley.edu,2585
amoralesg9@newyorker.com,2586
rwatsonga@yellowpages.com,2587
salexandergb@biglobe.ne.jp,2588
cthompsongc@tumblr.com,2589
mstephensgd@bloglines.com,2590
portizge@edublogs.org,2591
flarsongf@addthis.com,2592
tstanleygg@cdbaby.com,2593
mlynchgh@foxnews.com,2594
kkennedygi@cyberchimps.com,2595
tbutlergj@google.com,2596
bbishopgk@vk.com,2597
acarrollgl@si.edu,2598
gcarrgm@fc2.com,2599
enguyengn@yelp.com,2600
mdanielsgo@wp.com,2601
jcarrgp@china.com.cn,2602
agriffingq@uol.com.br,2603
tcarpentergr@mlb.com,2604
awilliamsongs@amazonaws.com,2605
jruizgt@diigo.com,2606
shernandezgu@cargocollective.com,2607
rwallacegv@mayoclinic.com,2608
mwatsongw@hubpages.com,2609
jpowellgx@pbs.org,2610
mfreemangy@cmu.edu,2611
pfishergz@vistaprint.com,2612
llawsonh0@surveymonkey.com,2613
ebishoph1@mozilla.org,2614
wwashingtonh2@wsj.com,2615
shenryh3@reddit.com,2616
ljonesh4@oakley.com,2617
pwallaceh5@furl.net,2618
lreynoldsh6@quantcast.com,2619
kcampbellh7@irs.gov,2620
afisherh8@mapy.cz,2621
jboydh9@moonfruit.com,2622
alopezha@nyu.edu,2623
jwelchhb@goodreads.com,2624
emyershc@adobe.com,2625
astanleyhd@plala.or.jp,2626
wwarrenhe@imageshack.us,2627
mhickshf@rakuten.co.jp,2628
aduncanhg@slideshare.net,2629
hrileyhh@skype.com,2630
lwardhi@wordpress.org,2631
psmithhj@uiuc.edu,2632
colsonhk@bigcartel.com,2633
jwatkinshl@state.tx.us,2634
bspencerhm@so-net.ne.jp,2635
gjenkinshn@mysql.com,2636
ldeanho@walmart.com,2637
cmarshallhp@wufoo.com,2638
scarrhq@shareasale.com,2639
nramoshr@unesco.org,2640
egranths@unicef.org,2641
nfloresht@deviantart.com,2642
ahunterhu@weebly.com,2643
jpiercehv@salon.com,2644
rkellyhw@nps.gov,2645
nkimhx@pbs.org,2646
hgrahamhy@paypal.com,2647
fpiercehz@weather.com,2648
cwardi0@cnet.com,2649
cdavisi1@redcross.org,2650
revansi2@ovh.net,2651
rwarreni3@liveinternet.ru,2652
rpattersoni4@drupal.org,2653
rfreemani5@macromedia.com,2654
kbennetti6@nymag.com,2655
kmitchelli7@histats.com,2656
cfulleri8@edublogs.org,2657
cfoxi9@imgur.com,2658
dleeia@uol.com.br,2659
whillib@rakuten.co.jp,2660
dgarzaic@dagondesign.com,2661
vfowlerid@macromedia.com,2662
mdiazie@dmoz.org,2663
jholmesif@ning.com,2664
isnyderig@sun.com,2665
pkennedyih@ebay.co.uk,2666
wwelchii@123-reg.co.uk,2667
spattersonij@soup.io,2668
dbaileyik@salon.com,2669
ppetersonil@flickr.com,2670
mcookim@constantcontact.com,2671
dbennettin@artisteer.com,2672
jcarrollio@ucsd.edu,2673
bgarciaip@dyndns.org,2674
jgutierreziq@toplist.cz,2675
abishopir@reverbnation.com,2676
twatsonis@macromedia.com,2677
aryanit@indiegogo.com,2678
lgardneriu@sitemeter.com,2679
amartiniv@lycos.com,2680
hcruziw@epa.gov,2681
rhayesix@umich.edu,2682
awallaceiy@soundcloud.com,2683
jthompsoniz@google.co.jp,2684
bhansonj0@domainmarket.com,2685
drichardsonj1@pen.io,2686
thawkinsj2@mtv.com,2687
jmoorej3@tripod.com,2688
kramirezj4@plala.or.jp,2689
wjacksonj5@tmall.com,2690
dharveyj6@cargocollective.com,2691
jjohnstonj7@g.co,2692
jmorenoj8@netlog.com,2693
ggardnerj9@pagesperso-orange.fr,2694
cgriffinja@stanford.edu,2695
ewilsonjb@a8.net,2696
wsullivanjc@hatena.ne.jp,2697
dmasonjd@odnoklassniki.ru,2698
nhernandezje@mayoclinic.com,2699
afloresjf@independent.co.uk,2700
sramosjg@ocn.ne.jp,2701
jdeanjh@seattletimes.com,2702
rowensji@apple.com,2703
tfowlerjj@patch.com,2704
shawkinsjk@fastcompany.com,2705
ccoxjl@nydailynews.com,2706
ccollinsjm@ameblo.jp,2707
nmillsjn@unblog.fr,2708
awalkerjo@ameblo.jp,2709
jcampbelljp@unicef.org,2710
kmendozajq@hp.com,2711
mpetersonjr@istockphoto.com,2712
carmstrongjs@wsj.com,2713
rpiercejt@cbsnews.com,2714
drossju@cargocollective.com,2715
msanchezjv@xing.com,2716
bhendersonjw@oracle.com,2717
jbowmanjx@princeton.edu,2718
dlongjy@quantcast.com,2719
twashingtonjz@drupal.org,2720
lstephensk0@mayoclinic.com,2721
wgonzalesk1@symantec.com,2722
ascottk2@arizona.edu,2723
jevansk3@google.pl,2724
brichardsonk4@histats.com,2725
lmoralesk5@nymag.com,2726
jallenk6@bloglines.com,2727
lberryk7@blog.com,2728
thunterk8@shinystat.com,2729
rmendozak9@smh.com.au,2730
etaylorka@home.pl,2731
lmatthewskb@aboutads.info,2732
sfergusonkc@dagondesign.com,2733
tjenkinskd@netlog.com,2734
awelchke@fotki.com,2735
rbrownkf@gnu.org,2736
jwatkinskg@csmonitor.com,2737
anicholskh@qq.com,2738
lhawkinski@earthlink.net,2739
hcoxkj@aboutads.info,2740
jmontgomerykk@ebay.com,2741
cwhitekl@prweb.com,2742
mburtonkm@creativecommons.org,2743
pramoskn@ovh.net,2744
eholmesko@fema.gov,2745
jhowellkp@washingtonpost.com,2746
smendozakq@vinaora.com,2747
ajordankr@1688.com,2748
drossks@alexa.com,2749
kcruzkt@cdbaby.com,2750
hpowellku@disqus.com,2751
krosskv@technorati.com,2752
sphillipskw@yellowpages.com,2753
lrosekx@howstuffworks.com,2754
alopezky@dot.gov,2755
bwheelerkz@google.com.br,2756
dricel0@quantcast.com,2757
eclarkl1@cnn.com,2758
scampbelll2@pen.io,2759
kmoralesl3@com.com,2760
klongl4@tripod.com,2761
amorenol5@sitemeter.com,2762
gmurrayl6@ca.gov,2763
garmstrongl7@reference.com,2764
sgardnerl8@addthis.com,2765
jlittlel9@techcrunch.com,2766
epetersla@hexun.com,2767
jgarzalb@rambler.ru,2768
sfernandezlc@artisteer.com,2769
bshawld@buzzfeed.com,2770
pclarkle@squarespace.com,2771
rkimlf@gnu.org,2772
mgarzalg@google.ca,2773
jhowelllh@weibo.com,2774
rmendozali@usatoday.com,2775
lgibsonlj@tumblr.com,2776
jstewartlk@drupal.org,2777
dmorrisll@bizjournals.com,2778
bjacksonlm@admin.ch,2779
hharrisonln@google.it,2780
wmorrisonlo@ifeng.com,2781
cmitchelllp@uiuc.edu,2782
aporterlq@slashdot.org,2783
spaynelr@jugem.jp,2784
dgibsonls@dailymail.co.uk,2785
afloreslt@europa.eu,2786
abryantlu@webs.com,2787
handrewslv@accuweather.com,2788
troselw@discuz.net,2789
svasquezlx@reddit.com,2790
rwatkinsly@cnbc.com,2791
jpricelz@ca.gov,2792
vporterm0@soundcloud.com,2793
espencerm1@paginegialle.it,2794
jelliottm2@w3.org,2795
sreedm3@sakura.ne.jp,2796
lhansenm4@mac.com,2797
vallenm5@hibu.com,2798
pmorrism6@theguardian.com,2799
echavezm7@netscape.com,2800
rraym8@linkedin.com,2801
kcarpenterm9@ustream.tv,2802
jbarnesma@sphinn.com,2803
mwallacemb@oracle.com,2804
jgibsonmc@indiegogo.com,2805
epowellmd@photobucket.com,2806
aromerome@earthlink.net,2807
bburnsmf@xrea.com,2808
jchapmanmg@yahoo.com,2809
awallacemh@skype.com,2810
afoxmi@guardian.co.uk,2811
bhallmj@hud.gov,2812
sramosmk@hud.gov,2813
cpalmerml@slate.com,2814
jrogersmm@columbia.edu,2815
amillsmn@alibaba.com,2816
njamesmo@blogger.com,2817
pblackmp@aol.com,2818
jbennettmq@shop-pro.jp,2819
lgrahammr@stanford.edu,2820
blopezms@ucoz.ru,2821
klawrencemt@skyrock.com,2822
bburkemu@shop-pro.jp,2823
pcartermv@google.com,2824
ebarnesmw@angelfire.com,2825
lhowardmx@mapquest.com,2826
wphillipsmy@quantcast.com,2827
jrossmz@fema.gov,2828
espencern0@eepurl.com,2829
mharrisonn1@mit.edu,2830
blarsonn2@bravesites.com,2831
wgordonn3@apple.com,2832
eelliottn4@yellowbook.com,2833
pcunninghamn5@geocities.jp,2834
jromeron6@indiatimes.com,2835
efullern7@t.co,2836
lmurphyn8@nba.com,2837
srobertsn9@kickstarter.com,2838
sshawna@eventbrite.com,2839
bfosternb@digg.com,2840
pthomasnc@nih.gov,2841
dwhitend@europa.eu,2842
rfieldsne@wix.com,2843
crichardsonnf@bizjournals.com,2844
jmorrisonng@go.com,2845
jmartinnh@freewebs.com,2846
ghawkinsni@ow.ly,2847
eelliottnj@naver.com,2848
mstanleynk@dedecms.com,2849
revansnl@mayoclinic.com,2850
wreidnm@ameblo.jp,2851
bhuntnn@youtube.com,2852
cmatthewsno@yale.edu,2853
pgonzalesnp@technorati.com,2854
bwellsnq@elegantthemes.com,2855
rrichardsonnr@china.com.cn,2856
kbishopns@usda.gov,2857
rwallacent@vk.com,2858
spalmernu@typepad.com,2859
nwrightnv@ucoz.ru,2860
ehicksnw@webeden.co.uk,2861
ahayesnx@scribd.com,2862
crichardsny@mit.edu,2863
drossnz@webmd.com,2864
hjameso0@exblog.jp,2865
wriceo1@apache.org,2866
sstewarto2@1688.com,2867
cwatkinso3@multiply.com,2868
rgordono4@facebook.com,2869
cowenso5@eepurl.com,2870
mmoraleso6@vimeo.com,2871
hjohnstono7@canalblog.com,2872
jwagnero8@woothemes.com,2873
chanseno9@wikispaces.com,2874
gwestoa@arstechnica.com,2875
ksanchezob@businessinsider.com,2876
smasonoc@baidu.com,2877
sriceod@geocities.com,2878
vnguyenoe@booking.com,2879
jberryof@163.com,2880
cfreemanog@amazon.co.uk,2881
cwheeleroh@newyorker.com,2882
dsimpsonoi@telegraph.co.uk,2883
kbanksoj@eventbrite.com,2884
jpetersonok@exblog.jp,2885
pthomasol@smugmug.com,2886
ngordonom@usatoday.com,2887
shickson@aboutads.info,2888
elewisoo@netscape.com,2889
rrichardsonop@altervista.org,2890
rmorenooq@nsw.gov.au,2891
jjohnsonor@examiner.com,2892
lpetersonos@blinklist.com,2893
lsimmonsot@sciencedaily.com,2894
dreyesou@yahoo.co.jp,2895
jbellov@narod.ru,2896
lturnerow@nydailynews.com,2897
rrobinsonox@uiuc.edu,2898
vgibsonoy@disqus.com,2899
gtorresoz@about.me,2900
swellsp0@samsung.com,2901
dolsonp1@upenn.edu,2902
amcdonaldp2@gravatar.com,2903
aclarkp3@4shared.com,2904
pcookp4@cmu.edu,2905
drobertsp5@de.vu,2906
kpalmerp6@amazon.de,2907
jbradleyp7@mail.ru,2908
crogersp8@zimbio.com,2909
krussellp9@plala.or.jp,2910
kreedpa@constantcontact.com,2911
schapmanpb@deliciousdays.com,2912
rlanepc@discuz.net,2913
jpalmerpd@oaic.gov.au,2914
dfrazierpe@ebay.co.uk,2915
nortizpf@dropbox.com,2916
baustinpg@opera.com,2917
pcookph@netscape.com,2918
cmoorepi@accuweather.com,2919
ajenkinspj@simplemachines.org,2920
dmendozapk@twitpic.com,2921
jtuckerpl@cdbaby.com,2922
ecruzpm@usnews.com,2923
jperkinspn@parallels.com,2924
clawsonpo@ustream.tv,2925
dwardpp@wiley.com,2926
npricepq@cdc.gov,2927
jfreemanpr@cpanel.net,2928
bkingps@zimbio.com,2929
crogerspt@histats.com,2930
jcarterpu@cdc.gov,2931
mwatkinspv@skyrock.com,2932
jgeorgepw@diigo.com,2933
alewispx@ocn.ne.jp,2934
chunterpy@youtube.com,2935
shayespz@cbsnews.com,2936
kgomezq0@biglobe.ne.jp,2937
mgutierrezq1@yahoo.co.jp,2938
sramosq2@studiopress.com,2939
abrooksq3@forbes.com,2940
srayq4@mail.ru,2941
aadamsq5@tamu.edu,2942
imccoyq6@posterous.com,2943
thudsonq7@t-online.de,2944
bsnyderq8@cornell.edu,2945
smoralesq9@creativecommons.org,2946
pcarpenterqa@washington.edu,2947
nmcdonaldqb@guardian.co.uk,2948
jjacksonqc@photobucket.com,2949
sparkerqd@reuters.com,2950
scruzqe@technorati.com,2951
lmitchellqf@vk.com,2952
jgrayqg@army.mil,2953
ewagnerqh@si.edu,2954
hwrightqi@soundcloud.com,2955
cellisqj@apache.org,2956
sbrownqk@yahoo.com,2957
nfordql@buzzfeed.com,2958
wwhiteqm@wp.com,2959
awashingtonqn@freewebs.com,2960
mmoralesqo@macromedia.com,2961
ehendersonqp@sbwire.com,2962
mgordonqq@skyrock.com,2963
slongqr@google.com.hk,2964
jallenqs@networksolutions.com,2965
fmorrisonqt@csmonitor.com,2966
slawsonqu@mail.ru,2967
rgomezqv@apache.org,2968
fgardnerqw@noaa.gov,2969
dkimqx@jugem.jp,2970
ljohnsonqy@friendfeed.com,2971
dhenryqz@ocn.ne.jp,2972
kgonzalesr0@state.tx.us,2973
rlewisr1@sun.com,2974
ecarrollr2@fotki.com,2975
cdiazr3@utexas.edu,2976
tpetersonr4@earthlink.net,2977
wpowellr5@posterous.com,2978
rhunterr6@simplemachines.org,2979
sjohnstonr7@npr.org,2980
pbellr8@ucoz.com,2981
pramirezr9@bloglines.com,2982
snelsonra@nymag.com,2983
chendersonrb@google.com.hk,2984
acollinsrc@umich.edu,2985
kdanielsrd@tuttocitta.it,2986
ksimpsonre@php.net,2987
bberryrf@paypal.com,2988
dmorrisrg@smh.com.au,2989
ssimmonsrh@geocities.com,2990
wbradleyri@pinterest.com,2991
spowellrj@reverbnation.com,2992
nlongrk@topsy.com,2993
rnelsonrl@ning.com,2994
sevansrm@squidoo.com,2995
tjenkinsrn@hugedomains.com,2996
jrayro@livejournal.com,2997
lramosrp@salon.com,2998
byoungrq@myspace.com,2999
cwelchrr@jalbum.net,3000
